{
  "J1": 85.48396608599687,
  "J2": 84.70885578740355,
  "J3": 89.08476162627149
}