{
  "J1": 67.1834623644807,
  "J2": 70.8503997496635,
  "J3": 69.90960596326738
}