{
    "J1": {
        "FC東京": 1510.3906307824216,
        "FC町田ゼルビア": 1580.784238396018,
        "アビスパ福岡": 1465.8986221242124,
        "アルビレックス新潟": 1313.8061086669657,
        "ガンバ大阪": 1552.660280530836,
        "サンフレッチェ広島": 1605.6052159495155,
        "セレッソ大阪": 1524.2387313322618,
        "ファジアーノ岡山": 1453.9822062921169,
        "ヴィッセル神戸": 1617.3332194458621,
        "京都サンガF.C.": 1627.4158690829613,
        "名古屋グランパス": 1458.4412110379392,
        "川崎フロンターレ": 1551.858395489303,
        "東京ヴェルディ": 1452.466291012586,
        "柏レイソル": 1647.0243955564576,
        "横浜FC": 1402.0780846090697,
        "横浜F・マリノス": 1456.1171764976307,
        "浦和レッズ": 1543.7433015450251,
        "清水エスパルス": 1478.4975482480609,
        "湘南ベルマーレ": 1330.49316477183,
        "鹿島アントラーズ": 1659.4973087182466
    },
    "J2": {
        "FC今治": 1520.7697281598996,
        "RB大宮アルディージャ": 1540.182128864608,
        "V・ファーレン長崎": 1639.5513499368558,
        "いわきFC": 1567.4811604857373,
        "カターレ富山": 1386.3097517561237,
        "サガン鳥栖": 1554.8205228337902,
        "ジェフユナイテッド千葉": 1578.6539041442793,
        "ジュビロ磐田": 1542.1781621848922,
        "ブラウブリッツ秋田": 1478.662129389723,
        "ベガルタ仙台": 1575.3071229959974,
        "モンテディオ山形": 1517.8468407145565,
        "レノファ山口FC": 1409.8115297657223,
        "ロアッソ熊本": 1405.5057561820881,
        "ヴァンフォーレ甲府": 1490.5546008866584,
        "北海道コンサドーレ札幌": 1518.5034405393667,
        "大分トリニータ": 1408.4896420235152,
        "徳島ヴォルティス": 1585.515341211971,
        "愛媛FC": 1324.625998151422,
        "水戸ホーリーホック": 1632.3289511595933,
        "藤枝MYFC": 1432.4139959898807
    },
    "J3": {
        "AC長野パルセイロ": 1365.5900327248278,
        "FC大阪": 1577.1420836521386,
        "FC岐阜": 1452.5003672733221,
        "FC琉球": 1426.3671213397006,
        "SC相模原": 1470.331500846727,
        "アスルクラロ沼津": 1301.0139422883817,
        "カマタマーレ讃岐": 1379.4485882911358,
        "ガイナーレ鳥取": 1468.164052970375,
        "ギラヴァンツ北九州": 1452.0382498667323,
        "ザスパ群馬": 1423.0427270845853,
        "ツエーゲン金沢": 1519.7923817715734,
        "テゲバジャーロ宮崎": 1576.6427555973166,
        "ヴァンラーレ八戸": 1640.4913764438675,
        "奈良クラブ": 1507.6458131068653,
        "松本山雅FC": 1436.2859529931347,
        "栃木SC": 1543.7027405152028,
        "栃木シティ": 1619.7140031294837,
        "福島ユナイテッドFC": 1483.8401985452153,
        "高知ユナイテッドSC": 1380.1619352509294,
        "鹿児島ユナイテッドFC": 1589.9838078438768
    }
}