{
    "J1": {
        "FC東京": 1512.6924739242152,
        "FC町田ゼルビア": 1584.4960585426277,
        "アビスパ福岡": 1471.100233336492,
        "アルビレックス新潟": 1310.2478880257306,
        "ガンバ大阪": 1549.1489726537059,
        "サンフレッチェ広島": 1602.6042775821174,
        "セレッソ大阪": 1534.2007551319527,
        "ファジアーノ岡山": 1448.8701043279314,
        "ヴィッセル神戸": 1623.8959044852597,
        "京都サンガF.C.": 1621.4763049911655,
        "名古屋グランパス": 1452.007498307647,
        "川崎フロンターレ": 1558.9923544449105,
        "東京ヴェルディ": 1457.5180142430836,
        "柏レイソル": 1642.7796068075438,
        "横浜FC": 1395.278921794114,
        "横浜F・マリノス": 1458.807655380057,
        "浦和レッズ": 1536.9099020675462,
        "清水エスパルス": 1486.098361997912,
        "湘南ベルマーレ": 1329.4398392774829,
        "鹿島アントラーズ": 1655.766872767825
    },
    "J2": {
        "FC今治": 1522.124130571728,
        "RB大宮アルディージャ": 1542.5942923467223,
        "V・ファーレン長崎": 1639.8439660244392,
        "いわきFC": 1565.4877740653874,
        "カターレ富山": 1383.7504777218187,
        "サガン鳥栖": 1556.0808583568157,
        "ジェフユナイテッド千葉": 1577.3665585403219,
        "ジュビロ磐田": 1540.9937243870959,
        "ブラウブリッツ秋田": 1480.4969238143258,
        "ベガルタ仙台": 1577.4084643092315,
        "モンテディオ山形": 1516.2534282434265,
        "レノファ山口FC": 1407.281096839097,
        "ロアッソ熊本": 1405.6825258958122,
        "ヴァンフォーレ甲府": 1490.9820554959333,
        "北海道コンサドーレ札幌": 1517.8900107640784,
        "大分トリニータ": 1409.5001979734586,
        "徳島ヴォルティス": 1585.0216330960093,
        "愛媛FC": 1325.87124215979,
        "水戸ホーリーホック": 1631.2551919205882,
        "藤枝MYFC": 1433.627504850601
    },
    "J3": {
        "AC長野パルセイロ": 1366.8933083818679,
        "FC大阪": 1575.7420918066698,
        "FC岐阜": 1453.8861626624428,
        "FC琉球": 1425.3773066772656,
        "SC相模原": 1471.8465091858554,
        "アスルクラロ沼津": 1303.2854881023072,
        "カマタマーレ讃岐": 1377.414139082678,
        "ガイナーレ鳥取": 1466.147560044354,
        "ギラヴァンツ北九州": 1454.411098703683,
        "ザスパ群馬": 1421.450213327991,
        "ツエーゲン金沢": 1517.8314330437981,
        "テゲバジャーロ宮崎": 1578.732550600044,
        "ヴァンラーレ八戸": 1641.3692951470605,
        "奈良クラブ": 1509.1970271054279,
        "松本山雅FC": 1433.9334043513766,
        "栃木SC": 1542.8658542995538,
        "栃木シティ": 1617.9328442386898,
        "福島ユナイテッドFC": 1481.7153331135462,
        "高知ユナイテッドSC": 1381.6040074903212,
        "鹿児島ユナイテッドFC": 1592.2640041704594
    }
}