{
    "J1": {
        "FC東京": 1448.9311881397196,
        "FC町田ゼルビア": 1595.6501572058428,
        "アビスパ福岡": 1525.1992482561814,
        "アルビレックス新潟": 1348.974847989846,
        "ガンバ大阪": 1505.2802106567126,
        "サンフレッチェ広島": 1582.9975339442606,
        "セレッソ大阪": 1527.7954097961745,
        "ファジアーノ岡山": 1527.163320347667,
        "ヴィッセル神戸": 1614.0497537363701,
        "京都サンガF.C.": 1653.8606091804402,
        "名古屋グランパス": 1438.8771767274222,
        "川崎フロンターレ": 1566.701334729722,
        "東京ヴェルディ": 1457.1134716404638,
        "柏レイソル": 1629.4656259704677,
        "横浜FC": 1355.1729892430167,
        "横浜F・マリノス": 1440.624789168126,
        "浦和レッズ": 1581.4127804158152,
        "清水エスパルス": 1465.3578773045408,
        "湘南ベルマーレ": 1360.7492482453547,
        "鹿島アントラーズ": 1606.9544273911758
    },
    "J2": {
        "FC今治": 1538.765918180553,
        "RB大宮アルディージャ": 1547.2711656317067,
        "V・ファーレン長崎": 1638.3707721521944,
        "いわきFC": 1536.9983739677966,
        "カターレ富山": 1363.2529584617337,
        "サガン鳥栖": 1554.0522488541217,
        "ジェフユナイテッド千葉": 1596.6111315679998,
        "ジュビロ磐田": 1546.615975530803,
        "ブラウブリッツ秋田": 1461.9256656956782,
        "ベガルタ仙台": 1577.9724640301524,
        "モンテディオ山形": 1453.447397374206,
        "レノファ山口FC": 1389.1568843705224,
        "ロアッソ熊本": 1434.0903470305905,
        "ヴァンフォーレ甲府": 1507.9278441597116,
        "北海道コンサドーレ札幌": 1528.992106879437,
        "大分トリニータ": 1425.7570595712712,
        "徳島ヴォルティス": 1592.5579097772757,
        "愛媛FC": 1336.2776024173504,
        "水戸ホーリーホック": 1636.1773625257442,
        "藤枝MYFC": 1443.2908691978346
    },
    "J3": {
        "AC長野パルセイロ": 1369.3007364203715,
        "FC大阪": 1546.2096836111136,
        "FC岐阜": 1402.435036126076,
        "FC琉球": 1438.9859337405908,
        "SC相模原": 1519.777810417305,
        "アスルクラロ沼津": 1310.6359426876077,
        "カマタマーレ讃岐": 1374.4398152722092,
        "ガイナーレ鳥取": 1441.417474398067,
        "ギラヴァンツ北九州": 1417.5763056373214,
        "ザスパ群馬": 1405.1029290243698,
        "ツエーゲン金沢": 1496.279028316728,
        "テゲバジャーロ宮崎": 1553.904064916614,
        "ヴァンラーレ八戸": 1668.9358618610836,
        "奈良クラブ": 1568.3306561756874,
        "松本山雅FC": 1457.4025345020716,
        "栃木SC": 1512.9952246014304,
        "栃木シティ": 1594.390426938879,
        "福島ユナイテッドFC": 1485.7633267372632,
        "高知ユナイテッドSC": 1441.8738511672252,
        "鹿児島ユナイテッドFC": 1608.1429889833778
    }
}