{
    "J1": {
        "FC東京": 1450.6742326045367,
        "FC町田ゼルビア": 1597.5443025101647,
        "アビスパ福岡": 1527.2517327306039,
        "アルビレックス新潟": 1350.2401434358255,
        "ガンバ大阪": 1507.31707565407,
        "サンフレッチェ広島": 1582.4006729518271,
        "セレッソ大阪": 1529.6399002770538,
        "ファジアーノ岡山": 1528.5447805914844,
        "ヴィッセル神戸": 1615.4179039760108,
        "京都サンガF.C.": 1656.1525376274724,
        "名古屋グランパス": 1439.9506491417749,
        "川崎フロンターレ": 1568.7950372553487,
        "東京ヴェルディ": 1458.0615014542702,
        "柏レイソル": 1635.002911254365,
        "横浜FC": 1355.6359342409476,
        "横浜F・マリノス": 1405.8789190531973,
        "浦和レッズ": 1583.2628627511342,
        "清水エスパルス": 1466.4663207796661,
        "湘南ベルマーレ": 1364.9182297875736,
        "鹿島アントラーズ": 1609.1763520119923
    },
    "J2": {
        "FC今治": 1538.8448507188953,
        "RB大宮アルディージャ": 1547.4593015967548,
        "V・ファーレン長崎": 1638.9454840548485,
        "いわきFC": 1537.2860824444824,
        "カターレ富山": 1363.358306279932,
        "サガン鳥栖": 1554.2198376942708,
        "ジェフユナイテッド千葉": 1596.816195604186,
        "ジュビロ磐田": 1546.7873050776393,
        "ブラウブリッツ秋田": 1461.8733655882727,
        "ベガルタ仙台": 1577.992352483065,
        "モンテディオ山形": 1453.4642591573415,
        "レノファ山口FC": 1388.5260760656192,
        "ロアッソ熊本": 1434.18190341706,
        "ヴァンフォーレ甲府": 1507.8678961885491,
        "北海道コンサドーレ札幌": 1529.061111140878,
        "大分トリニータ": 1425.96723701857,
        "徳島ヴォルティス": 1592.474140232706,
        "愛媛FC": 1335.1123046062908,
        "水戸ホーリーホック": 1636.3024714484366,
        "藤枝MYFC": 1442.9715765588846
    },
    "J3": {
        "AC長野パルセイロ": 1369.2795174466478,
        "FC大阪": 1546.4372413045385,
        "FC岐阜": 1402.4228821221218,
        "FC琉球": 1438.9724836186053,
        "SC相模原": 1519.80539414348,
        "アスルクラロ沼津": 1310.6128950392238,
        "カマタマーレ讃岐": 1374.4075016772883,
        "ガイナーレ鳥取": 1441.375103754441,
        "ギラヴァンツ北九州": 1417.5582820324514,
        "ザスパ群馬": 1405.11420928326,
        "ツエーゲン金沢": 1496.3665607861492,
        "テゲバジャーロ宮崎": 1553.9193211546974,
        "ヴァンラーレ八戸": 1669.0053083855094,
        "奈良クラブ": 1568.302435027679,
        "松本山雅FC": 1457.3967762126138,
        "栃木SC": 1512.986689302706,
        "栃木シティ": 1594.407793127443,
        "福島ユナイテッドFC": 1485.7241142329397,
        "高知ユナイテッドSC": 1441.6549572474155,
        "鹿児島ユナイテッドFC": 1608.1501656361818
    }
}