{
    "J1": {
        "FC東京": 1501.6559472541346,
        "FC町田ゼルビア": 1591.1958275531451,
        "アビスパ福岡": 1465.3743477252465,
        "アルビレックス新潟": 1320.3237365616621,
        "ガンバ大阪": 1552.7703061212346,
        "サンフレッチェ広島": 1593.9415730101516,
        "セレッソ大阪": 1532.099671416002,
        "ファジアーノ岡山": 1449.1900991341058,
        "ヴィッセル神戸": 1626.2510155984933,
        "京都サンガF.C.": 1630.4144008303917,
        "名古屋グランパス": 1459.4914652936366,
        "川崎フロンターレ": 1566.9375364096682,
        "東京ヴェルディ": 1458.997346276037,
        "柏レイソル": 1636.4930056392589,
        "横浜FC": 1401.50878588787,
        "横浜F・マリノス": 1442.012831611107,
        "浦和レッズ": 1538.968517616926,
        "清水エスパルス": 1499.4619888638692,
        "湘南ベルマーレ": 1314.4257652570245,
        "鹿島アントラーズ": 1650.8178320293564
    },
    "J2": {
        "FC今治": 1538.0520725576825,
        "RB大宮アルディージャ": 1550.354826181757,
        "V・ファーレン長崎": 1637.3132701204904,
        "いわきFC": 1567.0322352511093,
        "カターレ富山": 1350.8686756302634,
        "サガン鳥栖": 1577.4673276348014,
        "ジェフユナイテッド千葉": 1571.6462431569867,
        "ジュビロ磐田": 1529.4818414927233,
        "ブラウブリッツ秋田": 1476.904979399787,
        "ベガルタ仙台": 1584.9736989703874,
        "モンテディオ山形": 1495.2060124924649,
        "レノファ山口FC": 1396.695883517641,
        "ロアッソ熊本": 1417.4036695703953,
        "ヴァンフォーレ甲府": 1507.6194653272357,
        "北海道コンサドーレ札幌": 1508.7998878231886,
        "大分トリニータ": 1425.9903922023943,
        "徳島ヴォルティス": 1569.927022271338,
        "愛媛FC": 1329.729970099249,
        "水戸ホーリーホック": 1640.9899705504997,
        "藤枝MYFC": 1433.0546131262868
    },
    "J3": {
        "AC長野パルセイロ": 1383.3800075736578,
        "FC大阪": 1566.1465171594812,
        "FC岐阜": 1458.032098361532,
        "FC琉球": 1427.4617462397537,
        "SC相模原": 1465.6177714396094,
        "アスルクラロ沼津": 1313.7081118859521,
        "カマタマーレ讃岐": 1352.9852927436586,
        "ガイナーレ鳥取": 1443.6163069393576,
        "ギラヴァンツ北九州": 1472.0850300168518,
        "ザスパ群馬": 1378.8483639858493,
        "ツエーゲン金沢": 1520.9086240538172,
        "テゲバジャーロ宮崎": 1587.0636936257,
        "ヴァンラーレ八戸": 1672.625383326764,
        "奈良クラブ": 1519.1309633688156,
        "松本山雅FC": 1428.677485285444,
        "栃木SC": 1532.8550020015384,
        "栃木シティ": 1625.8925269950269,
        "福島ユナイテッドFC": 1452.9506797657368,
        "高知ユナイテッドSC": 1390.9800714993712,
        "鹿児島ユナイテッドFC": 1620.9339552674744
    }
}