{
    "J1": {
        "FC東京": 1452.016203874474,
        "FC町田ゼルビア": 1587.0602098801091,
        "アビスパ福岡": 1511.5087107490153,
        "アルビレックス新潟": 1336.5439877718939,
        "ガンバ大阪": 1527.5786168774105,
        "サンフレッチェ広島": 1585.773501420988,
        "セレッソ大阪": 1545.9510323946442,
        "ファジアーノ岡山": 1506.3681322491373,
        "ヴィッセル神戸": 1616.549345371637,
        "京都サンガF.C.": 1652.791107596042,
        "名古屋グランパス": 1462.1586302841506,
        "川崎フロンターレ": 1578.567467556368,
        "東京ヴェルディ": 1458.3209034207746,
        "柏レイソル": 1636.9037519473832,
        "横浜FC": 1367.3294249143428,
        "横浜F・マリノス": 1388.082092502951,
        "浦和レッズ": 1564.2080058507863,
        "清水エスパルス": 1478.744640913735,
        "湘南ベルマーレ": 1358.9796308134416,
        "鹿島アントラーズ": 1616.8966037000353
    },
    "J2": {
        "FC今治": 1526.800447382868,
        "RB大宮アルディージャ": 1538.616102571948,
        "V・ファーレン長崎": 1648.1866740295723,
        "いわきFC": 1549.069474063811,
        "カターレ富山": 1363.375016449201,
        "サガン鳥栖": 1559.6671958872312,
        "ジェフユナイテッド千葉": 1597.0530783354914,
        "ジュビロ磐田": 1558.558785665752,
        "ブラウブリッツ秋田": 1461.8277914206087,
        "ベガルタ仙台": 1579.6855037826504,
        "モンテディオ山形": 1453.269819468734,
        "レノファ山口FC": 1388.353551659981,
        "ロアッソ熊本": 1434.2108323333018,
        "ヴァンフォーレ甲府": 1502.6803122786255,
        "北海道コンサドーレ札幌": 1517.5278437926236,
        "大分トリニータ": 1426.6122077992597,
        "徳島ヴォルティス": 1592.4559100623424,
        "愛媛FC": 1334.5449157926628,
        "水戸ホーリーホック": 1634.5130376500567,
        "藤枝MYFC": 1442.5035569499605
    },
    "J3": {
        "AC長野パルセイロ": 1369.5957384710991,
        "FC大阪": 1546.5057868622205,
        "FC岐阜": 1418.3792698976326,
        "FC琉球": 1438.9843011531918,
        "SC相模原": 1503.9011924613415,
        "アスルクラロ沼津": 1303.3825001706794,
        "カマタマーレ讃岐": 1366.4800510554767,
        "ガイナーレ鳥取": 1441.0632758833951,
        "ギラヴァンツ北九州": 1429.7148123228626,
        "ザスパ群馬": 1393.553555499188,
        "ツエーゲン金沢": 1496.3634020095867,
        "テゲバジャーロ宮崎": 1553.8927505115291,
        "ヴァンラーレ八戸": 1669.036614232656,
        "奈良クラブ": 1557.657479051138,
        "松本山雅FC": 1464.6046640757945,
        "栃木SC": 1512.0007467175,
        "栃木シティ": 1594.3725640196185,
        "福島ユナイテッドFC": 1493.9965891205165,
        "高知ユナイテッドSC": 1441.6259319508833,
        "鹿児島ユナイテッドFC": 1618.7884060690824
    }
}