{
    "J1": {
        "アビスパ福岡": 1516.4704490256781,
        "アルビレックス新潟": 1338.2198601266098,
        "ガンバ大阪": 1496.2566619169802,
        "サンフレッチェ広島": 1569.7264572708125,
        "セレッソ大阪": 1518.4792538408,
        "ファジアーノ岡山": 1517.1444246918127,
        "ヴィッセル神戸": 1603.7700800682096,
        "京都サンガF.C.": 1645.605763242327,
        "名古屋グランパス": 1427.8912716144205,
        "川崎フロンターレ": 1557.4287376389511,
        "東京ヴェルディ": 1446.0344001010349,
        "柏レイソル": 1626.957124982392,
        "横浜Ｆ・マリノス": 1385.5515810495694,
        "横浜ＦＣ": 1343.2464149266032,
        "浦和レッズ": 1572.7723683720728,
        "清水エスパルス": 1454.5982976726668,
        "湘南ベルマーレ": 1355.2684222522553,
        "鹿島アントラーズ": 1598.5143818112685,
        "ＦＣ東京": 1439.7722284962738,
        "ＦＣ町田ゼルビア": 1586.2918208992621
    },
    "J2": {
        "いわきＦＣ": 1531.8798971668289,
        "カターレ富山": 1357.9747755284345,
        "サガン鳥栖": 1548.8046066873962,
        "ジェフユナイテッド千葉": 1591.4361535746339,
        "ジュビロ磐田": 1541.4058606202802,
        "ブラウブリッツ秋田": 1456.3701193478526,
        "ベガルタ仙台": 1572.5730097034311,
        "モンテディオ山形": 1447.9309924163622,
        "レノファ山口ＦＣ": 1382.850345006128,
        "ロアッソ熊本": 1428.7298894418511,
        "ヴァンフォーレ甲府": 1502.384275747646,
        "北海道コンサドーレ札幌": 1523.5864655291914,
        "大分トリニータ": 1420.5553609338278,
        "徳島ヴォルティス": 1586.9798227776373,
        "愛媛ＦＣ": 1329.1938133615847,
        "水戸ホーリーホック": 1630.9138086262615,
        "藤枝ＭＹＦＣ": 1437.417828311463,
        "ＦＣ今治": 1533.4119648612336,
        "ＲＢ大宮アルディージャ": 1542.0611160124715,
        "Ｖ・ファーレン長崎": 1633.5398943454843
    },
    "J3": {
        "AC長野パルセイロ": 1384.0040984306029,
        "FC岐阜": 1378.2136906168942,
        "FC琉球": 1419.4763291619904,
        "SC相模原": 1507.6490888403018,
        "アスルクラロ沼津": 1312.1857814193138,
        "カマタマーレ讃岐": 1375.4921742827244,
        "ガイナーレ鳥取": 1460.675821465009,
        "ギラヴァンツ北九州": 1441.7003443345034,
        "ザスパ群馬": 1426.9606845050025,
        "ツエーゲン金沢": 1472.7136214605714,
        "テゲバジャーロ宮崎": 1555.6843387184015,
        "ヴァンラーレ八戸": 1670.4451006342065,
        "奈良クラブ": 1568.5623896468005,
        "松本山雅FC": 1458.1194270102587,
        "栃木SC": 1513.947173429934,
        "栃木シティ": 1594.3383327400816,
        "福島ユナイテッドFC": 1465.4138724950146,
        "高知ユナイテッドＳＣ": 1448.1399128997768,
        "鹿児島ユナイテッドFC": 1602.1782707286607,
        "ＦＣ大阪": 1573.6090632060136
    }
}