{
    "J1": {
        "アビスパ福岡": 1533.9604369263436,
        "アルビレックス新潟": 1356.1088026919022,
        "ガンバ大阪": 1483.7226411072327,
        "サンフレッチェ広島": 1577.3310214463697,
        "セレッソ大阪": 1512.5955153999073,
        "ファジアーノ岡山": 1516.0046848479105,
        "ヴィッセル神戸": 1581.144884839927,
        "京都サンガF.C.": 1619.3314368049964,
        "名古屋グランパス": 1442.636626569056,
        "川崎フロンターレ": 1520.3034164125083,
        "東京ヴェルディ": 1465.9787711196705,
        "柏レイソル": 1593.0354956549586,
        "横浜Ｆ・マリノス": 1385.1400582834078,
        "横浜ＦＣ": 1349.0920683742902,
        "浦和レッズ": 1582.3400187720304,
        "清水エスパルス": 1442.533868962594,
        "湘南ベルマーレ": 1382.321278136615,
        "鹿島アントラーズ": 1597.8494634560673,
        "ＦＣ東京": 1451.4844008142097,
        "ＦＣ町田ゼルビア": 1607.0851093800022
    },
    "J2": {
        "いわきＦＣ": 1493.4116687562496,
        "カターレ富山": 1387.970470851401,
        "サガン鳥栖": 1573.989072729393,
        "ジェフユナイテッド千葉": 1596.093036966266,
        "ジュビロ磐田": 1536.105888070617,
        "ブラウブリッツ秋田": 1457.383994174813,
        "ベガルタ仙台": 1564.568633776075,
        "モンテディオ山形": 1432.2027627021016,
        "レノファ山口ＦＣ": 1383.741628750869,
        "ロアッソ熊本": 1422.173757173776,
        "ヴァンフォーレ甲府": 1539.231848295152,
        "北海道コンサドーレ札幌": 1479.2708708541804,
        "大分トリニータ": 1431.308407256069,
        "徳島ヴォルティス": 1581.2038778526355,
        "愛媛ＦＣ": 1326.9911164632233,
        "水戸ホーリーホック": 1644.2079149205858,
        "藤枝ＭＹＦＣ": 1439.5442271894294,
        "ＦＣ今治": 1547.7879250948483,
        "ＲＢ大宮アルディージャ": 1553.574625116124,
        "Ｖ・ファーレン長崎": 1609.2382730061904
    },
    "J3": {
        "AC長野パルセイロ": 1392.6404716650243,
        "FC岐阜": 1365.6785469249248,
        "FC琉球": 1448.4229702546083,
        "SC相模原": 1458.5287470015924,
        "アスルクラロ沼津": 1336.4059704848191,
        "カマタマーレ讃岐": 1354.3238340441555,
        "ガイナーレ鳥取": 1484.8101675853588,
        "ギラヴァンツ北九州": 1464.393041354665,
        "ザスパ群馬": 1471.3843749693033,
        "ツエーゲン金沢": 1417.692572148752,
        "テゲバジャーロ宮崎": 1554.466845885005,
        "ヴァンラーレ八戸": 1682.2231597263535,
        "奈良クラブ": 1541.896397048178,
        "松本山雅FC": 1457.4782437548195,
        "栃木SC": 1475.5183464497127,
        "栃木シティ": 1602.3417493377376,
        "福島ユナイテッドFC": 1440.0325599482558,
        "高知ユナイテッドＳＣ": 1476.6372775538725,
        "鹿児島ユナイテッドFC": 1600.9372868150638,
        "ＦＣ大阪": 1598.1288045692309
    }
}