{
    "J1": {
        "アビスパ福岡": 1534.7295021799825,
        "アルビレックス新潟": 1356.4876674429916,
        "ガンバ大阪": 1470.8577717346823,
        "サンフレッチェ広島": 1559.2591459091736,
        "セレッソ大阪": 1512.2960727756222,
        "ファジアーノ岡山": 1517.3892122650632,
        "ヴィッセル神戸": 1598.6954465535966,
        "京都サンガF.C.": 1619.4403781358694,
        "名古屋グランパス": 1442.0171125632903,
        "川崎フロンターレ": 1519.8138906572954,
        "東京ヴェルディ": 1465.7753348754702,
        "柏レイソル": 1602.6844876662728,
        "横浜Ｆ・マリノス": 1386.0805973273775,
        "横浜ＦＣ": 1350.1918980570613,
        "浦和レッズ": 1571.2165487540665,
        "清水エスパルス": 1441.6537217740943,
        "湘南ベルマーレ": 1382.587737779588,
        "鹿島アントラーズ": 1597.8543217343185,
        "ＦＣ東京": 1450.878746306248,
        "ＦＣ町田ゼルビア": 1620.0904055079359
    },
    "J2": {
        "いわきＦＣ": 1495.5207140678606,
        "カターレ富山": 1387.9539064905184,
        "サガン鳥栖": 1571.1643076602018,
        "ジェフユナイテッド千葉": 1597.2409376722326,
        "ジュビロ磐田": 1535.673466470543,
        "ブラウブリッツ秋田": 1458.0771699951454,
        "ベガルタ仙台": 1563.4170243608196,
        "モンテディオ山形": 1432.2172568803705,
        "レノファ山口ＦＣ": 1383.7835140636164,
        "ロアッソ熊本": 1423.7352525547212,
        "ヴァンフォーレ甲府": 1540.7259813490246,
        "北海道コンサドーレ札幌": 1478.6133994489207,
        "大分トリニータ": 1430.697457176395,
        "徳島ヴォルティス": 1580.196020425465,
        "愛媛ＦＣ": 1325.0503511368458,
        "水戸ホーリーホック": 1642.9876447630038,
        "藤枝ＭＹＦＣ": 1438.1887232193592,
        "ＦＣ今治": 1548.7428996164485,
        "ＲＢ大宮アルディージャ": 1553.8041815842757,
        "Ｖ・ファーレン長崎": 1612.2097910642317
    },
    "J3": {
        "AC長野パルセイロ": 1391.961268825418,
        "FC岐阜": 1367.1870447097888,
        "FC琉球": 1449.5215385405602,
        "SC相模原": 1458.8181196018832,
        "アスルクラロ沼津": 1335.2739747423066,
        "カマタマーレ讃岐": 1354.7571525837936,
        "ガイナーレ鳥取": 1485.9120766121503,
        "ギラヴァンツ北九州": 1463.8900745150208,
        "ザスパ群馬": 1473.7525700884335,
        "ツエーゲン金沢": 1419.062258860639,
        "テゲバジャーロ宮崎": 1555.4829240731378,
        "ヴァンラーレ八戸": 1683.885263486293,
        "奈良クラブ": 1543.7603892471402,
        "松本山雅FC": 1459.3627425959983,
        "栃木SC": 1466.295369876259,
        "栃木シティ": 1603.6985327970624,
        "福島ユナイテッドFC": 1440.8208777765906,
        "高知ユナイテッドＳＣ": 1476.7121452660997,
        "鹿児島ユナイテッドFC": 1601.8679337038373,
        "ＦＣ大阪": 1597.4872581236514
    }
}