{
    "J1": {
        "FC東京": 1490.6682091011364,
        "FC町田ゼルビア": 1593.5715549995887,
        "アビスパ福岡": 1459.4403322748465,
        "アルビレックス新潟": 1321.3818513774065,
        "ガンバ大阪": 1552.9556937415366,
        "サンフレッチェ広島": 1608.7330235854347,
        "セレッソ大阪": 1516.2590979210645,
        "ファジアーノ岡山": 1463.4556357603824,
        "ヴィッセル神戸": 1628.950971455733,
        "京都サンガF.C.": 1635.0562476296918,
        "名古屋グランパス": 1469.0440093450752,
        "川崎フロンターレ": 1569.3083489523638,
        "東京ヴェルディ": 1461.5903693113673,
        "柏レイソル": 1628.0043799288649,
        "横浜FC": 1402.5512252477388,
        "横浜F・マリノス": 1418.9791036674862,
        "浦和レッズ": 1548.3109524014478,
        "清水エスパルス": 1497.0568347800936,
        "湘南ベルマーレ": 1313.5317405896997,
        "鹿島アントラーズ": 1653.4824180183625
    },
    "J2": {
        "FC今治": 1532.4305550946167,
        "RB大宮アルディージャ": 1543.9736623656834,
        "V・ファーレン長崎": 1641.2185313657114,
        "いわきFC": 1547.7836163631603,
        "カターレ富山": 1367.7129395488323,
        "サガン鳥栖": 1577.1249331520469,
        "ジェフユナイテッド千葉": 1560.8042413752457,
        "ジュビロ磐田": 1527.5780826402681,
        "ブラウブリッツ秋田": 1483.7285222452845,
        "ベガルタ仙台": 1588.826241928853,
        "モンテディオ山形": 1487.085871495678,
        "レノファ山口FC": 1377.9111018110261,
        "ロアッソ熊本": 1434.161733598112,
        "ヴァンフォーレ甲府": 1512.7046724667834,
        "北海道コンサドーレ札幌": 1510.1973122880252,
        "大分トリニータ": 1420.816870338283,
        "徳島ヴォルティス": 1572.0000595783024,
        "愛媛FC": 1336.7125957215317,
        "水戸ホーリーホック": 1642.4717446012614,
        "藤枝MYFC": 1444.2687693979767
    },
    "J3": {
        "AC長野パルセイロ": 1374.2432713693088,
        "FC大阪": 1565.2510408128694,
        "FC岐阜": 1462.5301441177426,
        "FC琉球": 1423.386396967686,
        "SC相模原": 1454.8457112340043,
        "アスルクラロ沼津": 1327.812934406286,
        "カマタマーレ讃岐": 1366.0087838660927,
        "ガイナーレ鳥取": 1444.138495859565,
        "ギラヴァンツ北九州": 1450.2207821510003,
        "ザスパ群馬": 1361.9058967856379,
        "ツエーゲン金沢": 1498.4319714653263,
        "テゲバジャーロ宮崎": 1580.823522870776,
        "ヴァンラーレ八戸": 1683.0459448023728,
        "奈良クラブ": 1524.0289330271899,
        "松本山雅FC": 1465.8500263879544,
        "栃木SC": 1532.533314264,
        "栃木シティ": 1616.4354535263697,
        "福島ユナイテッドFC": 1464.1218247668182,
        "高知ユナイテッドSC": 1410.4726766313495,
        "鹿児島ユナイテッドFC": 1607.8125062230424
    }
}