{
    "J1": {
        "FC東京": 1490.6661842033006,
        "FC町田ゼルビア": 1593.5633429462912,
        "アビスパ福岡": 1459.4440774574562,
        "アルビレックス新潟": 1321.3948785373198,
        "ガンバ大阪": 1552.9607946123788,
        "サンフレッチェ広島": 1608.7423004152,
        "セレッソ大阪": 1516.2489197349325,
        "ファジアーノ岡山": 1463.453653462679,
        "ヴィッセル神戸": 1628.943575126859,
        "京都サンガF.C.": 1635.0660393049927,
        "名古屋グランパス": 1469.04940657293,
        "川崎フロンターレ": 1569.3105891991813,
        "東京ヴェルディ": 1461.5924578257723,
        "柏レイソル": 1628.0059494855616,
        "横浜FC": 1402.551244325981,
        "横浜F・マリノス": 1418.982491576231,
        "浦和レッズ": 1548.3180594627986,
        "清水エスパルス": 1497.0607478365982,
        "湘南ベルマーレ": 1313.5038247620168,
        "鹿島アントラーズ": 1653.4734632408401
    },
    "J2": {
        "FC今治": 1532.416296754208,
        "RB大宮アルディージャ": 1543.9843103420144,
        "V・ファーレン長崎": 1641.2282834388,
        "いわきFC": 1547.8082320348399,
        "カターレ富山": 1367.7310406005304,
        "サガン鳥栖": 1577.1424467879483,
        "ジェフユナイテッド千葉": 1560.8078509545824,
        "ジュビロ磐田": 1527.5779425475162,
        "ブラウブリッツ秋田": 1483.7174913902745,
        "ベガルタ仙台": 1588.8231930369361,
        "モンテディオ山形": 1487.1043380017925,
        "レノファ山口FC": 1377.8773031703797,
        "ロアッソ熊本": 1434.138166406758,
        "ヴァンフォーレ甲府": 1512.6999804058396,
        "北海道コンサドーレ札幌": 1510.1909680430028,
        "大分トリニータ": 1420.813979374501,
        "徳島ヴォルティス": 1572.0218422604455,
        "愛媛FC": 1336.6881566539475,
        "水戸ホーリーホック": 1642.5000321092305,
        "藤枝MYFC": 1444.2402030631351
    },
    "J3": {
        "AC長野パルセイロ": 1380.0455506235483,
        "FC大阪": 1565.1753724137648,
        "FC岐阜": 1463.7654661291479,
        "FC琉球": 1423.8304176751321,
        "SC相模原": 1452.7274479838618,
        "アスルクラロ沼津": 1326.3581089344016,
        "カマタマーレ讃岐": 1359.7247710103902,
        "ガイナーレ鳥取": 1446.3305380237405,
        "ギラヴァンツ北九州": 1450.7625368780868,
        "ザスパ群馬": 1361.4109010484283,
        "ツエーゲン金沢": 1499.7486143462258,
        "テゲバジャーロ宮崎": 1580.760409464726,
        "ヴァンラーレ八戸": 1684.2207215768492,
        "奈良クラブ": 1523.810654724775,
        "松本山雅FC": 1466.1585811139146,
        "栃木SC": 1534.065286135298,
        "栃木シティ": 1617.3788392588276,
        "福島ユナイテッドFC": 1461.769554460345,
        "高知ユナイテッドSC": 1408.3021551258473,
        "鹿児島ユナイテッドFC": 1607.5537046080813
    }
}