{
    "J1": {
        "アビスパ福岡": 1516.4616336626884,
        "アルビレックス新潟": 1338.1320023236783,
        "ガンバ大阪": 1496.2823578626908,
        "サンフレッチェ広島": 1569.7211305380292,
        "セレッソ大阪": 1518.469303294863,
        "ファジアーノ岡山": 1517.132343827897,
        "ヴィッセル神戸": 1603.7635379480264,
        "京都サンガF.C.": 1645.6720577338924,
        "名古屋グランパス": 1427.910665661349,
        "川崎フロンターレ": 1557.4760785269614,
        "東京ヴェルディ": 1446.037224666805,
        "柏レイソル": 1627.0436503802869,
        "横浜Ｆ・マリノス": 1385.489005453941,
        "横浜ＦＣ": 1343.272089523177,
        "浦和レッズ": 1572.8208731762552,
        "清水エスパルス": 1454.6118426312366,
        "湘南ベルマーレ": 1355.1984309377522,
        "鹿島アントラーズ": 1598.4937128362085,
        "ＦＣ東京": 1439.785478409489,
        "ＦＣ町田ゼルビア": 1586.2265806047728
    },
    "J2": {
        "いわきＦＣ": 1531.8889755515438,
        "カターレ富山": 1357.930492517464,
        "サガン鳥栖": 1548.796845280965,
        "ジェフユナイテッド千葉": 1591.4155608289495,
        "ジュビロ磐田": 1541.378269533675,
        "ブラウブリッツ秋田": 1456.3796656090396,
        "ベガルタ仙台": 1572.5307771459788,
        "モンテディオ山形": 1447.9788668184967,
        "レノファ山口ＦＣ": 1382.87608574509,
        "ロアッソ熊本": 1428.7334377493473,
        "ヴァンフォーレ甲府": 1502.3732550531913,
        "北海道コンサドーレ札幌": 1523.6022694891242,
        "大分トリニータ": 1420.5558510318133,
        "徳島ヴォルティス": 1586.974207562054,
        "愛媛ＦＣ": 1329.2798729485332,
        "水戸ホーリーホック": 1630.8800767577643,
        "藤枝ＭＹＦＣ": 1437.4096224452053,
        "ＦＣ今治": 1533.3872917660217,
        "ＲＢ大宮アルディージャ": 1542.0352469245106,
        "Ｖ・ファーレン長崎": 1633.5933292412317
    },
    "J3": {
        "AC長野パルセイロ": 1372.5759458075554,
        "FC岐阜": 1398.449993860527,
        "FC琉球": 1436.4295163971865,
        "SC相模原": 1519.118811405141,
        "アスルクラロ沼津": 1311.8440559063747,
        "カマタマーレ讃岐": 1375.2551865870957,
        "ガイナーレ鳥取": 1444.124275629441,
        "ギラヴァンツ北九州": 1421.7589104554515,
        "ザスパ群馬": 1409.8045787632468,
        "ツエーゲン金沢": 1472.2791397390122,
        "テゲバジャーロ宮崎": 1555.1407053167918,
        "ヴァンラーレ八戸": 1670.2802020204185,
        "奈良クラブ": 1568.5513249480734,
        "松本山雅FC": 1458.0299885045363,
        "栃木SC": 1514.1245774811916,
        "栃木シティ": 1594.698486993084,
        "福島ユナイテッドFC": 1482.5726427857824,
        "高知ユナイテッドＳＣ": 1442.573807989902,
        "鹿児島ユナイテッドFC": 1608.2630547644158,
        "ＦＣ大阪": 1573.6343106708348
    }
}