{
    "J1": {
        "FC東京": 1492.4241573362663,
        "FC町田ゼルビア": 1587.4916451882984,
        "アビスパ福岡": 1486.8809385092773,
        "アルビレックス新潟": 1320.008922106127,
        "ガンバ大阪": 1530.6344935184254,
        "サンフレッチェ広島": 1586.1981395691632,
        "セレッソ大阪": 1552.1012894993466,
        "ファジアーノ岡山": 1485.9969251132113,
        "ヴィッセル神戸": 1616.263797522739,
        "京都サンガF.C.": 1627.9564091151135,
        "名古屋グランパス": 1474.871512196639,
        "川崎フロンターレ": 1558.8828948211299,
        "東京ヴェルディ": 1459.5532814251387,
        "柏レイソル": 1631.9541994123051,
        "横浜FC": 1383.7903139691384,
        "横浜F・マリノス": 1408.458105457985,
        "浦和レッズ": 1547.4900912202795,
        "清水エスパルス": 1503.2551877557325,
        "湘南ベルマーレ": 1347.3482256423933,
        "鹿島アントラーズ": 1630.77147071061
    },
    "J2": {
        "FC今治": 1537.5479470264506,
        "RB大宮アルディージャ": 1517.2154451423987,
        "V・ファーレン長崎": 1643.5717122902372,
        "いわきFC": 1558.4972806039746,
        "カターレ富山": 1360.8096750476188,
        "サガン鳥栖": 1572.4266513825437,
        "ジェフユナイテッド千葉": 1573.4521855361807,
        "ジュビロ磐田": 1544.4555647404202,
        "ブラウブリッツ秋田": 1476.1229727691475,
        "ベガルタ仙台": 1585.1637425521797,
        "モンテディオ山形": 1460.9964817365326,
        "レノファ山口FC": 1401.6065970614602,
        "ロアッソ熊本": 1438.921948783477,
        "ヴァンフォーレ甲府": 1497.7710660825453,
        "北海道コンサドーレ札幌": 1531.5264092490604,
        "大分トリニータ": 1442.1277256869214,
        "徳島ヴォルティス": 1558.0944743641255,
        "愛媛FC": 1314.5031731224713,
        "水戸ホーリーホック": 1629.6193002783477,
        "藤枝MYFC": 1465.0817039205892
    },
    "J3": {
        "AC長野パルセイロ": 1361.6131792571557,
        "FC大阪": 1554.815299403428,
        "FC岐阜": 1437.6736548511742,
        "FC琉球": 1448.4590571413637,
        "SC相模原": 1480.1353630918913,
        "アスルクラロ沼津": 1327.540565573643,
        "カマタマーレ讃岐": 1377.2076903223422,
        "ガイナーレ鳥取": 1454.5281082329323,
        "ギラヴァンツ北九州": 1449.4562300536631,
        "ザスパ群馬": 1373.173081638563,
        "ツエーゲン金沢": 1473.3718670420726,
        "テゲバジャーロ宮崎": 1565.0775145525076,
        "ヴァンラーレ八戸": 1651.2172265520248,
        "奈良クラブ": 1525.731224372329,
        "松本山雅FC": 1468.9887956344312,
        "栃木SC": 1539.4991669579392,
        "栃木シティ": 1581.212163135918,
        "福島ユナイテッドFC": 1489.0736956244298,
        "高知ユナイテッドSC": 1416.7447341154505,
        "鹿児島ユナイテッドFC": 1638.381013982133
    }
}