{
    "J1": {
        "アビスパ福岡": 1498.4591176531299,
        "アルビレックス新潟": 1397.3265215352446,
        "ガンバ大阪": 1497.0686742543974,
        "サンフレッチェ広島": 1545.451683894958,
        "セレッソ大阪": 1519.5758969065796,
        "ファジアーノ岡山": 1483.4847360338713,
        "ヴィッセル神戸": 1600.1075691541291,
        "京都サンガF.C.": 1575.6568982976082,
        "名古屋グランパス": 1498.3646856180137,
        "川崎フロンターレ": 1561.5982070395546,
        "東京ヴェルディ": 1482.638465317004,
        "柏レイソル": 1603.979326935579,
        "横浜Ｆ・マリノス": 1387.8920104186184,
        "横浜ＦＣ": 1377.1387673732102,
        "浦和レッズ": 1559.418479325129,
        "清水エスパルス": 1455.5716976421004,
        "湘南ベルマーレ": 1415.0867920452977,
        "鹿島アントラーズ": 1545.2290839927532,
        "ＦＣ東京": 1453.7577306626208,
        "ＦＣ町田ゼルビア": 1542.193655900201
    },
    "J2": {
        "いわきＦＣ": 1479.589365693052,
        "カターレ富山": 1425.6472175707418,
        "サガン鳥栖": 1585.1925884662246,
        "ジェフユナイテッド千葉": 1543.4959133156315,
        "ジュビロ磐田": 1551.1891406799882,
        "ブラウブリッツ秋田": 1426.3400775874418,
        "ベガルタ仙台": 1579.6377653706381,
        "モンテディオ山形": 1416.7532645475542,
        "レノファ山口ＦＣ": 1410.8290811814782,
        "ロアッソ熊本": 1403.9178238868403,
        "ヴァンフォーレ甲府": 1528.794750716069,
        "北海道コンサドーレ札幌": 1497.540938165274,
        "大分トリニータ": 1467.6536072892834,
        "徳島ヴォルティス": 1558.2413485133532,
        "愛媛ＦＣ": 1394.2872593855602,
        "水戸ホーリーホック": 1654.5358297571715,
        "藤枝ＭＹＦＣ": 1471.8182581186677,
        "ＦＣ今治": 1500.3039721433124,
        "ＲＢ大宮アルディージャ": 1541.093935926725,
        "Ｖ・ファーレン長崎": 1563.1378616849927
    },
    "J3": {
        "AC長野パルセイロ": 1354.9642130380082,
        "FC岐阜": 1402.1862880301915,
        "FC琉球": 1441.0738389952905,
        "SC相模原": 1435.9367257787846,
        "アスルクラロ沼津": 1413.6115111251115,
        "カマタマーレ讃岐": 1414.929041138987,
        "ガイナーレ鳥取": 1467.1615307732498,
        "ギラヴァンツ北九州": 1455.7967824966606,
        "ザスパ群馬": 1449.9465606009892,
        "ツエーゲン金沢": 1463.9795071274366,
        "テゲバジャーロ宮崎": 1571.8690192438407,
        "ヴァンラーレ八戸": 1606.859128440292,
        "奈良クラブ": 1505.3599182676696,
        "松本山雅FC": 1415.0614002265572,
        "栃木シティ": 1594.0982014463598,
        "栃木ＳＣ": 1453.6713772425783,
        "福島ユナイテッドFC": 1462.2127441410778,
        "高知ユナイテッドＳＣ": 1471.6572759785925,
        "鹿児島ユナイテッドFC": 1532.7602954620086,
        "ＦＣ大阪": 1606.8646404463143
    }
}