{
    "J1": {
        "FC東京": 1509.1163278188446,
        "FC町田ゼルビア": 1584.2343340039326,
        "アビスパ福岡": 1465.6603349656525,
        "アルビレックス新潟": 1314.946232244842,
        "ガンバ大阪": 1554.0039593236104,
        "サンフレッチェ広島": 1597.281538299129,
        "セレッソ大阪": 1537.6101741637635,
        "ファジアーノ岡山": 1450.9120854468142,
        "ヴィッセル神戸": 1625.4954299206918,
        "京都サンガF.C.": 1622.5495013934064,
        "名古屋グランパス": 1456.255553628957,
        "川崎フロンターレ": 1564.3577857465302,
        "東京ヴェルディ": 1459.488189758686,
        "柏レイソル": 1639.8447514967443,
        "横浜FC": 1398.9132024017097,
        "横浜F・マリノス": 1450.2875898113045,
        "浦和レッズ": 1534.776573232965,
        "清水エスパルス": 1494.8525640247524,
        "湘南ベルマーレ": 1319.3314465385338,
        "鹿島アントラーズ": 1652.4144258684514
    },
    "J2": {
        "FC今治": 1532.4243232601968,
        "RB大宮アルディージャ": 1557.2498579731484,
        "V・ファーレン長崎": 1634.918319892133,
        "いわきFC": 1562.6108072626098,
        "カターレ富山": 1360.0966476808808,
        "サガン鳥栖": 1567.3303121401887,
        "ジェフユナイテッド千葉": 1570.121758877603,
        "ジュビロ磐田": 1536.8538821768427,
        "ブラウブリッツ秋田": 1482.8934656581425,
        "ベガルタ仙台": 1586.4583107475275,
        "モンテディオ山形": 1504.9068527580205,
        "レノファ山口FC": 1396.6380801561818,
        "ロアッソ熊本": 1410.5387907983895,
        "ヴァンフォーレ甲府": 1502.7326058915496,
        "北海道コンサドーレ札幌": 1512.5211725992756,
        "大分トリニータ": 1419.169732302531,
        "徳島ヴォルティス": 1572.8833476367727,
        "愛媛FC": 1328.3058125832576,
        "水戸ホーリーホック": 1636.68795912455,
        "藤枝MYFC": 1434.1700178568801
    },
    "J3": {
        "AC長野パルセイロ": 1384.5858234545663,
        "FC大阪": 1567.6250458259872,
        "FC岐阜": 1461.3090311787798,
        "FC琉球": 1424.929328909077,
        "SC相模原": 1472.9934853949676,
        "アスルクラロ沼津": 1321.2600331402282,
        "カマタマーレ讃岐": 1350.2091134624252,
        "ガイナーレ鳥取": 1444.8452137331192,
        "ギラヴァンツ北九州": 1468.7573350652256,
        "ザスパ群馬": 1394.8664356224688,
        "ツエーゲン金沢": 1511.1659273989253,
        "テゲバジャーロ宮崎": 1580.277239477739,
        "ヴァンラーレ八戸": 1664.8177112215596,
        "奈良クラブ": 1519.5281045191268,
        "松本山雅FC": 1428.2129562015377,
        "栃木SC": 1538.264730145296,
        "栃木シティ": 1623.2887653847995,
        "福島ユナイテッドFC": 1457.3950784990786,
        "高知ユナイテッドSC": 1384.4791145533202,
        "鹿児島ユナイテッドFC": 1615.0891583471646
    }
}