{
    "J1": {
        "アビスパ福岡": 1516.462876983379,
        "アルビレックス新潟": 1338.159870081938,
        "ガンバ大阪": 1496.2755146179775,
        "サンフレッチェ広島": 1569.7226911572234,
        "セレッソ大阪": 1518.4728717641112,
        "ファジアーノ岡山": 1517.135557923528,
        "ヴィッセル神戸": 1603.7659180751193,
        "京都サンガF.C.": 1645.6510403379832,
        "名古屋グランパス": 1427.9047701718175,
        "川崎フロンターレ": 1557.4633142628702,
        "東京ヴェルディ": 1446.036047714897,
        "柏レイソル": 1627.0169873756336,
        "横浜Ｆ・マリノス": 1385.5091238277237,
        "横浜ＦＣ": 1343.264469172187,
        "浦和レッズ": 1572.8061954933476,
        "清水エスパルス": 1454.6082276466552,
        "湘南ベルマーレ": 1355.2194613205584,
        "鹿島アントラーズ": 1598.4989680673418,
        "ＦＣ東京": 1439.7809065048768,
        "ＦＣ町田ゼルビア": 1586.2451875008321
    },
    "J2": {
        "いわきＦＣ": 1531.8869793701913,
        "カターレ富山": 1357.9441577471312,
        "サガン鳥栖": 1548.798485294202,
        "ジェフユナイテッド千葉": 1591.422509728708,
        "ジュビロ磐田": 1541.3869085245387,
        "ブラウブリッツ秋田": 1456.3769686922296,
        "ベガルタ仙台": 1572.5430941367665,
        "モンテディオ山形": 1447.9647641922145,
        "レノファ山口ＦＣ": 1382.867725101746,
        "ロアッソ熊本": 1428.7330786399161,
        "ヴァンフォーレ甲府": 1502.3760347513894,
        "北海道コンサドーレ札幌": 1523.5979637081882,
        "大分トリニータ": 1420.5562889631688,
        "徳島ヴォルティス": 1586.9758722653958,
        "愛媛ＦＣ": 1329.2527776234353,
        "水戸ホーリーホック": 1630.890617519531,
        "藤枝ＭＹＦＣ": 1437.4110364550934,
        "ＦＣ今治": 1533.3942978268135,
        "ＲＢ大宮アルディージャ": 1542.0426198630128,
        "Ｖ・ファーレン長崎": 1633.5778195963276
    },
    "J3": {
        "AC長野パルセイロ": 1376.0319880117524,
        "FC岐阜": 1392.3273534483023,
        "FC琉球": 1431.599223914852,
        "SC相模原": 1515.8844739104777,
        "アスルクラロ沼津": 1312.180649801113,
        "カマタマーレ讃岐": 1375.2433081685583,
        "ガイナーレ鳥取": 1448.700058355485,
        "ギラヴァンツ北九州": 1427.326020137887,
        "ザスパ群馬": 1414.740868137353,
        "ツエーゲン金沢": 1472.5841957082466,
        "テゲバジャーロ宮崎": 1555.374468675362,
        "ヴァンラーレ八戸": 1670.3915083502218,
        "奈良クラブ": 1568.6283967673753,
        "松本山雅FC": 1458.031349668176,
        "栃木SC": 1514.2733021474805,
        "栃木シティ": 1594.5782024296418,
        "福島ユナイテッドFC": 1477.4308781658165,
        "高知ユナイテッドＳＣ": 1444.1507581886538,
        "鹿児島ユナイテッドFC": 1606.4129465861972,
        "ＦＣ大阪": 1573.6195654531098
    }
}