{
    "J1": {
        "アビスパ福岡": 1530.476852278948,
        "アルビレックス新潟": 1349.7703626847872,
        "ガンバ大阪": 1481.389777871196,
        "サンフレッチェ広島": 1570.5875269042604,
        "セレッソ大阪": 1515.8865603032573,
        "ファジアーノ岡山": 1528.4673616029825,
        "ヴィッセル神戸": 1595.6257053811435,
        "京都サンガF.C.": 1619.281394825121,
        "名古屋グランパス": 1428.7322954439962,
        "川崎フロンターレ": 1532.565894950491,
        "東京ヴェルディ": 1453.7759987526126,
        "柏レイソル": 1609.3544048780718,
        "横浜Ｆ・マリノス": 1395.5964196569325,
        "横浜ＦＣ": 1338.8026995270418,
        "浦和レッズ": 1564.6272025039636,
        "清水エスパルス": 1446.0430272527624,
        "湘南ベルマーレ": 1372.002547173086,
        "鹿島アントラーズ": 1605.1752741100538,
        "ＦＣ東京": 1450.691914637443,
        "ＦＣ町田ゼルビア": 1611.1467792618496
    },
    "J2": {
        "いわきＦＣ": 1508.7462129899845,
        "カターレ富山": 1378.2752389648642,
        "サガン鳥栖": 1574.5813710931182,
        "ジェフユナイテッド千葉": 1597.8185331114037,
        "ジュビロ磐田": 1545.5412309262097,
        "ブラウブリッツ秋田": 1451.6194836806533,
        "ベガルタ仙台": 1563.7116763582292,
        "モンテディオ山形": 1421.7867866490071,
        "レノファ山口ＦＣ": 1383.6774769133244,
        "ロアッソ熊本": 1413.3270210226503,
        "ヴァンフォーレ甲府": 1521.1742868079689,
        "北海道コンサドーレ札幌": 1498.2119881495466,
        "大分トリニータ": 1417.3616947657124,
        "徳島ヴォルティス": 1590.0729464994822,
        "愛媛ＦＣ": 1317.930365169411,
        "水戸ホーリーホック": 1639.4961261970611,
        "藤枝ＭＹＦＣ": 1445.0511854684858,
        "ＦＣ今治": 1555.1317608792133,
        "ＲＢ大宮アルディージャ": 1563.8700917481897,
        "Ｖ・ファーレン長崎": 1612.6145226054834
    },
    "J3": {
        "AC長野パルセイロ": 1391.8241683791878,
        "FC岐阜": 1367.466500158179,
        "FC琉球": 1449.7504964458794,
        "SC相模原": 1459.0895298862652,
        "アスルクラロ沼津": 1327.620503605473,
        "カマタマーレ讃岐": 1354.7927967256348,
        "ガイナーレ鳥取": 1484.7238471588694,
        "ギラヴァンツ北九州": 1463.809525574529,
        "ザスパ群馬": 1456.3388425049798,
        "ツエーゲン金沢": 1444.8073479157922,
        "テゲバジャーロ宮崎": 1563.452009216276,
        "ヴァンラーレ八戸": 1679.9380629003679,
        "奈良クラブ": 1544.2403299790574,
        "松本山雅FC": 1460.9062095165398,
        "栃木SC": 1482.1489794866068,
        "栃木シティ": 1577.4652761164461,
        "福島ユナイテッドFC": 1440.647292450896,
        "高知ユナイテッドＳＣ": 1477.0440313961926,
        "鹿児島ユナイテッドFC": 1601.788102722483,
        "ＦＣ大阪": 1601.6556638864076
    }
}