{
    "J1": {
        "アビスパ福岡": 1497.766287840883,
        "アルビレックス新潟": 1370.4167209689715,
        "ガンバ大阪": 1497.1740516816026,
        "サンフレッチェ広島": 1555.1793994097654,
        "セレッソ大阪": 1517.8055037300564,
        "ファジアーノ岡山": 1479.3833489336955,
        "ヴィッセル神戸": 1624.767362833157,
        "京都サンガF.C.": 1596.0325989977432,
        "名古屋グランパス": 1498.7964145557369,
        "川崎フロンターレ": 1577.3471538721792,
        "東京ヴェルディ": 1481.8021963021247,
        "柏レイソル": 1632.1085966311764,
        "横浜Ｆ・マリノス": 1350.8901135555798,
        "横浜ＦＣ": 1344.023725029001,
        "浦和レッズ": 1550.5159669927698,
        "清水エスパルス": 1448.1151029547455,
        "湘南ベルマーレ": 1400.408624251053,
        "鹿島アントラーズ": 1559.5028145536528,
        "ＦＣ東京": 1468.4078763988082,
        "ＦＣ町田ゼルビア": 1549.556140507298
    },
    "J2": {
        "いわきＦＣ": 1476.050251809252,
        "カターレ富山": 1410.7128935213632,
        "サガン鳥栖": 1606.7695284339077,
        "ジェフユナイテッド千葉": 1555.3893796013308,
        "ジュビロ磐田": 1564.5927464994602,
        "ブラウブリッツ秋田": 1403.9556342171936,
        "ベガルタ仙台": 1600.6694856877752,
        "モンテディオ山形": 1393.816946417332,
        "レノファ山口ＦＣ": 1384.334562165226,
        "ロアッソ熊本": 1380.1658990191938,
        "ヴァンフォーレ甲府": 1535.673105072905,
        "北海道コンサドーレ札幌": 1493.5731201099313,
        "大分トリニータ": 1464.7378763937838,
        "徳島ヴォルティス": 1573.4608864958923,
        "愛媛ＦＣ": 1361.8873616985973,
        "水戸ホーリーホック": 1697.1870644316464,
        "藤枝ＭＹＦＣ": 1467.1046370431504,
        "ＦＣ今治": 1501.7449800376467,
        "ＲＢ大宮アルディージャ": 1553.2176231196704,
        "Ｖ・ファーレン長崎": 1574.9560182247415
    },
    "J3": {
        "AC長野パルセイロ": 1417.730165465851,
        "FC岐阜": 1375.8582081640702,
        "FC琉球": 1424.9286570290496,
        "SC相模原": 1417.448841861673,
        "アスルクラロ沼津": 1373.4884421758807,
        "カマタマーレ讃岐": 1368.2326927100294,
        "ガイナーレ鳥取": 1473.6593872550538,
        "ギラヴァンツ北九州": 1438.2077159945343,
        "ザスパ群馬": 1450.0492281809297,
        "ツエーゲン金沢": 1444.1585743194044,
        "テゲバジャーロ宮崎": 1598.1263746632671,
        "ヴァンラーレ八戸": 1651.9386502898792,
        "奈良クラブ": 1510.6739869617404,
        "松本山雅FC": 1430.112137410673,
        "栃木": 1447.5931206522994,
        "栃木シティ": 1635.3383215832012,
        "福島ユナイテッドFC": 1451.3367026145256,
        "高知ユナイテッドＳＣ": 1478.8760061804885,
        "鹿児島ユナイテッドFC": 1541.8408461133245,
        "ＦＣ大阪": 1645.0113129809158
    }
}