{
    "J1": {
        "アビスパ福岡": 1505.9556771514194,
        "アルビレックス新潟": 1356.5900467664587,
        "ガンバ大阪": 1522.826010748363,
        "サンフレッチェ広島": 1566.4897382276874,
        "セレッソ大阪": 1517.9920423917424,
        "ファジアーノ岡山": 1468.2975501810465,
        "ヴィッセル神戸": 1639.7504627180883,
        "京都サンガF.C.": 1593.0799893527203,
        "名古屋グランパス": 1470.6261595723308,
        "川崎フロンターレ": 1554.2204316148834,
        "東京ヴェルディ": 1464.2457246351182,
        "柏レイソル": 1610.2817114409936,
        "横浜Ｆ・マリノス": 1373.9287119055566,
        "横浜ＦＣ": 1323.8118181254765,
        "浦和レッズ": 1558.6959277222677,
        "清水エスパルス": 1461.8108228553772,
        "湘南ベルマーレ": 1388.0672281966174,
        "鹿島アントラーズ": 1586.643251580188,
        "ＦＣ東京": 1469.339990089555,
        "ＦＣ町田ゼルビア": 1567.346704724109
    },
    "J2": {
        "いわきＦＣ": 1478.5349363998291,
        "カターレ富山": 1402.0708648213808,
        "サガン鳥栖": 1594.0182508233486,
        "ジェフユナイテッド千葉": 1554.582275474582,
        "ジュビロ磐田": 1549.15978868079,
        "ブラウブリッツ秋田": 1417.3035942737913,
        "ベガルタ仙台": 1602.980995408898,
        "モンテディオ山形": 1406.7145642969253,
        "レノファ山口ＦＣ": 1382.5110509013025,
        "ロアッソ熊本": 1397.4809506026572,
        "ヴァンフォーレ甲府": 1519.7537864851029,
        "北海道コンサドーレ札幌": 1508.3796710082945,
        "大分トリニータ": 1454.4234006407316,
        "徳島ヴォルティス": 1581.1409760669292,
        "愛媛ＦＣ": 1350.577421498564,
        "水戸ホーリーホック": 1683.9778156298898,
        "藤枝ＭＹＦＣ": 1463.8518802531303,
        "ＦＣ今治": 1512.9328076135332,
        "ＲＢ大宮アルディージャ": 1562.5592594352377,
        "Ｖ・ファーレン長崎": 1577.0457096850819
    },
    "J3": {
        "AC長野パルセイロ": 1408.2965624811927,
        "FC岐阜": 1365.720752840735,
        "FC琉球": 1441.6125327439647,
        "SC相模原": 1461.9545174944483,
        "アスルクラロ沼津": 1355.7365548656655,
        "カマタマーレ讃岐": 1352.979518262518,
        "ガイナーレ鳥取": 1464.8167596788726,
        "ギラヴァンツ北九州": 1476.4832012042355,
        "ザスパ群馬": 1439.5572992358316,
        "ツエーゲン金沢": 1428.4768204785041,
        "テゲバジャーロ宮崎": 1547.123482033237,
        "ヴァンラーレ八戸": 1669.1753723905786,
        "奈良クラブ": 1518.3398261897294,
        "松本山雅FC": 1447.6382789831719,
        "栃木": 1440.9026796037492,
        "栃木シティ": 1615.242551885392,
        "福島ユナイテッドFC": 1433.6088376147593,
        "高知ユナイテッドＳＣ": 1494.3641538016204,
        "鹿児島ユナイテッドFC": 1583.2664718144124,
        "ＦＣ大阪": 1629.313199004173
    }
}