{
    "J1": {
        "アビスパ福岡": 1498.1033709877736,
        "アルビレックス新潟": 1382.040051599654,
        "ガンバ大阪": 1496.7888374886877,
        "サンフレッチェ広島": 1551.2790387125956,
        "セレッソ大阪": 1518.4064162155998,
        "ファジアーノ岡山": 1481.1080539963398,
        "ヴィッセル神戸": 1614.3631619339153,
        "京都サンガF.C.": 1587.4379883120625,
        "名古屋グランパス": 1498.4678134444378,
        "川崎フロンターレ": 1570.6406770363574,
        "東京ヴェルディ": 1481.7078623700463,
        "柏レイソル": 1619.6762623625632,
        "横浜Ｆ・マリノス": 1367.775729364431,
        "横浜ＦＣ": 1358.2594191286873,
        "浦和レッズ": 1553.5569507116886,
        "清水エスパルス": 1450.7036496987228,
        "湘南ベルマーレ": 1406.6086728319774,
        "鹿島アントラーズ": 1553.1418122793652,
        "ＦＣ東京": 1463.1592677801345,
        "ＦＣ町田ゼルビア": 1546.7749637449601
    },
    "J2": {
        "いわきＦＣ": 1477.3642333662772,
        "カターレ富山": 1416.5248493462466,
        "サガン鳥栖": 1597.604586088558,
        "ジェフユナイテッド千葉": 1550.1698649375533,
        "ジュビロ磐田": 1558.8829000236349,
        "ブラウブリッツ秋田": 1414.0270386278412,
        "ベガルタ仙台": 1591.5761041444607,
        "モンテディオ山形": 1403.910193278565,
        "レノファ山口ＦＣ": 1396.2214662300703,
        "ロアッソ熊本": 1390.2777466002715,
        "ヴァンフォーレ甲府": 1532.8379729291119,
        "北海道コンサドーレ札幌": 1495.6839067534227,
        "大分トリニータ": 1465.2909442135808,
        "徳島ヴォルティス": 1566.892467730861,
        "愛媛ＦＣ": 1376.5638797010402,
        "水戸ホーリーホック": 1678.1936440423406,
        "藤枝ＭＹＦＣ": 1468.79506395501,
        "ＦＣ今治": 1500.9433730470405,
        "ＲＢ大宮アルディージャ": 1547.809647898266,
        "Ｖ・ファーレン長崎": 1570.4301170858475
    },
    "J3": {
        "AC長野パルセイロ": 1390.6070400723888,
        "FC岐阜": 1386.428959565389,
        "FC琉球": 1430.91327912284,
        "SC相模原": 1424.6934461347073,
        "アスルクラロ沼津": 1389.4221778492235,
        "カマタマーレ讃岐": 1388.3311611890817,
        "ガイナーレ鳥取": 1470.7244052056406,
        "ギラヴァンツ北九州": 1445.8744532124508,
        "ザスパ群馬": 1448.126180504591,
        "ツエーゲン金沢": 1450.8300776809324,
        "テゲバジャーロ宮崎": 1584.7937124629195,
        "ヴァンラーレ八戸": 1630.9759857281888,
        "奈良クラブ": 1507.0947431987918,
        "松本山雅FC": 1422.2441209007104,
        "栃木": 1494.2472700164328,
        "栃木シティ": 1615.1597226632582,
        "栃木ＳＣ": 1445.3906273932093,
        "福島ユナイテッドFC": 1455.1614145954454,
        "高知ユナイテッドＳＣ": 1475.8526660275843,
        "鹿児島ユナイテッドFC": 1537.0847395318735,
        "ＦＣ大阪": 1626.0438169443407
    }
}