{
    "J1": {
        "アビスパ福岡": 1531.7597311853665,
        "アルビレックス新潟": 1354.4809348850897,
        "ガンバ大阪": 1487.182795419955,
        "サンフレッチェ広島": 1575.162785507531,
        "セレッソ大阪": 1514.418956113039,
        "ファジアーノ岡山": 1506.1821482769878,
        "ヴィッセル神戸": 1587.5460254203642,
        "京都サンガF.C.": 1617.0915871631441,
        "名古屋グランパス": 1445.5153109177663,
        "川崎フロンターレ": 1523.5001446822323,
        "東京ヴェルディ": 1467.2199637578512,
        "柏レイソル": 1602.6118583923108,
        "横浜Ｆ・マリノス": 1381.3518558916753,
        "横浜ＦＣ": 1343.906129838798,
        "浦和レッズ": 1579.4586113803107,
        "清水エスパルス": 1445.736556330138,
        "湘南ベルマーレ": 1382.4696269192254,
        "鹿島アントラーズ": 1597.2855987647079,
        "ＦＣ東京": 1452.9963658505,
        "ＦＣ町田ゼルビア": 1604.123013303006
    },
    "J2": {
        "いわきＦＣ": 1482.0591616649626,
        "カターレ富山": 1388.530356124886,
        "サガン鳥栖": 1590.4840579282616,
        "ジェフユナイテッド千葉": 1590.0534254041472,
        "ジュビロ磐田": 1539.2971849267988,
        "ブラウブリッツ秋田": 1453.4382296020601,
        "ベガルタ仙台": 1571.0745061843793,
        "モンテディオ山形": 1434.4685662010859,
        "レノファ山口ＦＣ": 1382.43113916605,
        "ロアッソ熊本": 1414.7605736623957,
        "ヴァンフォーレ甲府": 1530.4535571913257,
        "北海道コンサドーレ札幌": 1483.5348533111946,
        "大分トリニータ": 1435.618290209183,
        "徳島ヴォルティス": 1584.8692147886459,
        "愛媛ＦＣ": 1334.3302951323376,
        "水戸ホーリーホック": 1649.790642155966,
        "藤枝ＭＹＦＣ": 1446.920585658902,
        "ＦＣ今治": 1542.193583568759,
        "ＲＢ大宮アルディージャ": 1552.3163493395468,
        "Ｖ・ファーレン長崎": 1593.3754277791118
    },
    "J3": {
        "AC長野パルセイロ": 1398.8091497101727,
        "FC岐阜": 1362.4378891971946,
        "FC琉球": 1445.762881006342,
        "SC相模原": 1456.8763106529843,
        "アスルクラロ沼津": 1339.9405753316653,
        "カマタマーレ讃岐": 1352.849819743419,
        "ガイナーレ鳥取": 1481.822509667492,
        "ギラヴァンツ北九州": 1466.3405929461646,
        "ザスパ群馬": 1462.3947378220857,
        "ツエーゲン金沢": 1414.0903455932344,
        "テゲバジャーロ宮崎": 1551.5995788106923,
        "ヴァンラーレ八戸": 1678.5142181413112,
        "奈良クラブ": 1536.7432323313014,
        "松本山雅FC": 1451.1242685236382,
        "栃木": 1458.0461778493623,
        "栃木シティ": 1597.7825416860649,
        "福島ユナイテッドFC": 1438.768267720298,
        "高知ユナイテッドＳＣ": 1478.9041827633364,
        "鹿児島ユナイテッドFC": 1599.028933576371,
        "ＦＣ大阪": 1602.7731595336609
    }
}