{
    "J1": {
        "FC東京": 1447.608173413173,
        "FC町田ゼルビア": 1590.3935312131266,
        "アビスパ福岡": 1522.4348324546766,
        "アルビレックス新潟": 1344.592338550827,
        "ガンバ大阪": 1502.763819491441,
        "サンフレッチェ広島": 1580.3242392533111,
        "セレッソ大阪": 1524.9251106431248,
        "ファジアーノ岡山": 1522.9337956255565,
        "ヴィッセル神戸": 1610.2862852581543,
        "京都サンガF.C.": 1651.3620800895865,
        "名古屋グランパス": 1434.8854175022602,
        "川崎フロンターレ": 1564.094586071527,
        "東京ヴェルディ": 1453.1353534211719,
        "柏レイソル": 1626.0279414712177,
        "横浜FC": 1355.0548575078974,
        "横浜Ｆ・マリノス": 1398.501750581994,
        "浦和レッズ": 1579.2324450703813,
        "清水エスパルス": 1461.3562261514762,
        "湘南ベルマーレ": 1356.5510625068525,
        "鹿島アントラーズ": 1604.3706881829996
    },
    "J2": {
        "FC今治": 1538.2022988288793,
        "RB大宮アルディージャ": 1546.258429943201,
        "V・ファーレン長崎": 1635.2402612523215,
        "いわきFC": 1535.6522454920394,
        "カターレ富山": 1362.8680591146688,
        "サガン鳥栖": 1553.4196697091502,
        "ジェフユナイテッド千葉": 1595.8754824563832,
        "ジュビロ磐田": 1546.0167957133754,
        "ブラウブリッツ秋田": 1462.0926934077734,
        "ベガルタ仙台": 1577.8724435041297,
        "モンテディオ山形": 1453.3151395526563,
        "レノファ山口FC": 1392.2503369297126,
        "ロアッソ熊本": 1433.6911998853184,
        "ヴァンフォーレ甲府": 1508.1239993738784,
        "北海道コンサドーレ札幌": 1528.693799252381,
        "大分トリニータ": 1424.922645521547,
        "徳島ヴォルティス": 1592.8616138499851,
        "愛媛FC": 1341.5460707316984,
        "水戸ホーリーホック": 1635.7447977015493,
        "藤枝MYFC": 1444.8640751560351
    },
    "J3": {
        "AC長野パルセイロ": 1369.3964117318872,
        "FC大阪": 1544.9868921784123,
        "FC岐阜": 1402.449767137697,
        "FC琉球": 1439.0081075129287,
        "SC相模原": 1519.6736106756518,
        "アスルクラロ沼津": 1310.7136600175022,
        "カマタマーレ讃岐": 1374.556292071172,
        "ガイナーレ鳥取": 1441.5768609585652,
        "ギラヴァンツ北九州": 1417.6517161680108,
        "ザスパ群馬": 1405.0766019579926,
        "ツエーゲン金沢": 1495.7550578287758,
        "テゲバジャーロ宮崎": 1553.867395582164,
        "ヴァンラーレ八戸": 1668.7369738686193,
        "奈良クラブ": 1568.4339068715026,
        "松本山雅FC": 1457.4235572471543,
        "栃木SC": 1513.036514781856,
        "栃木シティ": 1594.3373614327752,
        "福島ユナイテッドFC": 1485.9071887803818,
        "高知ユナイテッドSC": 1443.1687723989492,
        "鹿児島ユナイテッドFC": 1608.142982333394
    }
}