{
    "J1": {
        "FC東京": 1492.23750876354,
        "FC町田ゼルビア": 1596.2875012408838,
        "アビスパ福岡": 1458.408597794603,
        "アルビレックス新潟": 1319.6576955708247,
        "ガンバ大阪": 1549.9915502740714,
        "サンフレッチェ広島": 1605.5717095459474,
        "セレッソ大阪": 1520.7360978428349,
        "ファジアーノ岡山": 1464.6791943897083,
        "ヴィッセル神戸": 1631.5159370148413,
        "京都サンガF.C.": 1633.4363970074287,
        "名古屋グランパス": 1466.3988268985122,
        "川崎フロンターレ": 1568.5485074577737,
        "東京ヴェルディ": 1459.957591134577,
        "柏レイソル": 1627.438390043807,
        "横浜FC": 1402.504211564904,
        "横浜F・マリノス": 1417.7315024175539,
        "浦和レッズ": 1545.2832100895894,
        "清水エスパルス": 1497.0607800285454,
        "湘南ベルマーレ": 1318.7425019017303,
        "鹿島アントラーズ": 1656.1442891076447
    },
    "J2": {
        "FC今治": 1541.1292121835595,
        "RB大宮アルディージャ": 1540.2755274811716,
        "V・ファーレン長崎": 1639.492914729152,
        "いわきFC": 1539.4461590402852,
        "カターレ富山": 1363.2308398573136,
        "サガン鳥栖": 1571.8635317676676,
        "ジェフユナイテッド千葉": 1562.4507858859747,
        "ジュビロ磐田": 1527.2723213433487,
        "ブラウブリッツ秋田": 1483.6576065498907,
        "ベガルタ仙台": 1592.5370704379225,
        "モンテディオ山形": 1482.3136641754325,
        "レノファ山口FC": 1384.705321249196,
        "ロアッソ熊本": 1443.814782469339,
        "ヴァンフォーレ甲府": 1513.908488754673,
        "北海道コンサドーレ札幌": 1512.8096974958557,
        "大分トリニータ": 1421.0545803071236,
        "徳島ヴォルティス": 1562.4600888193725,
        "愛媛FC": 1338.9125350809518,
        "水戸ホーリーホック": 1637.4463704757306,
        "藤枝MYFC": 1450.7305592727216
    },
    "J3": {
        "AC長野パルセイロ": 1375.9236138442907,
        "FC大阪": 1552.98799185278,
        "FC岐阜": 1455.5793452228115,
        "FC琉球": 1430.9903015426482,
        "SC相模原": 1463.7734181596534,
        "アスルクラロ沼津": 1320.5511019842743,
        "カマタマーレ讃岐": 1373.467013727704,
        "ガイナーレ鳥取": 1444.774255495402,
        "ギラヴァンツ北九州": 1438.0332560222091,
        "ザスパ群馬": 1367.510576902145,
        "ツエーゲン金沢": 1491.091064444862,
        "テゲバジャーロ宮崎": 1575.1601748565229,
        "ヴァンラーレ八戸": 1674.9346677548076,
        "奈良クラブ": 1527.4925474249058,
        "松本山雅FC": 1473.324586662004,
        "栃木SC": 1537.3743028269696,
        "栃木シティ": 1602.8633636621385,
        "福島ユナイテッドFC": 1466.4820452454055,
        "高知ユナイテッドSC": 1426.8550894272023,
        "鹿児島ユナイテッドFC": 1614.7309144766562
    }
}