{
    "J1": {
        "FC東京": 1455.1580679271058,
        "FC町田ゼルビア": 1578.6418874641656,
        "アビスパ福岡": 1521.2319826640196,
        "アルビレックス新潟": 1342.9033875583013,
        "ガンバ大阪": 1502.50684207412,
        "サンフレッチェ広島": 1579.4733978666006,
        "セレッソ大阪": 1523.4038354034496,
        "ファジアーノ岡山": 1521.5744925853767,
        "ヴィッセル神戸": 1608.9077504488666,
        "京都サンガF.C.": 1650.1174705783203,
        "名古屋グランパス": 1434.2546838404917,
        "川崎フロンターレ": 1562.9582527355358,
        "東京ヴェルディ": 1452.5542101171086,
        "柏レイソル": 1625.2530266651142,
        "横浜FC": 1375.8462192711854,
        "横浜Ｆ・マリノス": 1397.7715763051267,
        "浦和レッズ": 1579.2050149750128,
        "清水エスパルス": 1460.6502852966864,
        "湘南ベルマーレ": 1355.6765882431678,
        "鹿島アントラーズ": 1602.7455624409995
    },
    "J2": {
        "FC今治": 1534.0320194747642,
        "RB大宮アルディージャ": 1540.3350328630577,
        "V・ファーレン長崎": 1617.3749612126433,
        "いわきFC": 1529.3280508974099,
        "カターレ富山": 1361.5402977303256,
        "サガン鳥栖": 1551.4995376648162,
        "ジェフユナイテッド千葉": 1593.7692346934998,
        "ジュビロ磐田": 1544.2839948843507,
        "ブラウブリッツ秋田": 1462.1685335355378,
        "ベガルタ仙台": 1577.3063105557371,
        "モンテディオ山形": 1452.488639469448,
        "レノファ山口FC": 1408.0589949776247,
        "ロアッソ熊本": 1432.1021494940915,
        "ヴァンフォーレ甲府": 1508.3603143575751,
        "北海道コンサドーレ札幌": 1527.5146401695818,
        "大分トリニータ": 1422.241836091267,
        "徳島ヴォルティス": 1593.4494853182016,
        "愛媛FC": 1366.1425479168638,
        "水戸ホーリーホック": 1634.4659016844007,
        "藤枝MYFC": 1453.0495743854872
    },
    "J3": {
        "AC長野パルセイロ": 1369.788694498775,
        "FC大阪": 1538.2796936630343,
        "FC岐阜": 1402.328100156519,
        "FC琉球": 1438.952111691215,
        "SC相模原": 1519.423606428952,
        "アスルクラロ沼津": 1310.9420824487922,
        "カマタマーレ讃岐": 1374.8967915364417,
        "ガイナーレ鳥取": 1442.0471854140437,
        "ギラヴァンツ北九州": 1417.9834780864815,
        "ザスパ群馬": 1405.1936384118292,
        "ツエーゲン金沢": 1492.5208311697404,
        "テゲバジャーロ宮崎": 1553.8922557615485,
        "ヴァンラーレ八戸": 1668.4392367276225,
        "奈良クラブ": 1568.7133419836935,
        "松本山雅FC": 1457.5107412068649,
        "栃木SC": 1513.2295590513015,
        "栃木シティ": 1594.2528869931477,
        "福島ユナイテッドFC": 1486.2298861833342,
        "高知ユナイテッドSC": 1451.0012500030223,
        "鹿児島ユナイテッドFC": 1608.2742601190332
    }
}