{
    "J1": {
        "FC東京": 1490.7008867559457,
        "FC町田ゼルビア": 1593.6671158086208,
        "アビスパ福岡": 1459.4037806993035,
        "アルビレックス新潟": 1321.2743809608355,
        "ガンバ大阪": 1552.8819227022323,
        "サンフレッチェ広島": 1608.626864967895,
        "セレッソ大阪": 1516.3895334451865,
        "ファジアーノ岡山": 1463.4838785199838,
        "ヴィッセル神戸": 1629.0368826901858,
        "京都サンガF.C.": 1634.9670457364782,
        "名古屋グランパス": 1468.9717766285542,
        "川崎フロンターレ": 1569.2813554724166,
        "東京ヴェルディ": 1461.5529442731327,
        "柏レイソル": 1627.9861664882674,
        "横浜FC": 1402.5493248723428,
        "横浜F・マリノス": 1418.9365125935199,
        "浦和レッズ": 1548.2208895123902,
        "清水エスパルス": 1497.0289064100457,
        "湘南ベルマーレ": 1313.7893987672333,
        "鹿島アントラーズ": 1653.5824327847515
    },
    "J2": {
        "FC今治": 1532.6441169095608,
        "RB大宮アルディージャ": 1543.8571783813688,
        "V・ファーレン長崎": 1641.132177614003,
        "いわきFC": 1547.5083646413525,
        "カターレ富山": 1367.5280987787005,
        "サガン鳥栖": 1576.9375324903147,
        "ジェフユナイテッド千葉": 1560.802283095793,
        "ジュビロ磐田": 1527.5826457351347,
        "ブラウブリッツ秋田": 1483.8028031053254,
        "ベガルタ仙台": 1588.902830230914,
        "モンテディオ山形": 1486.8875435285242,
        "レノファ山口FC": 1378.2280445591325,
        "ロアッソ熊本": 1434.4602689480985,
        "ヴァンフォーレ甲府": 1512.752855123588,
        "北海道コンサドーレ札幌": 1510.2742075071794,
        "大分トリニータ": 1420.831371346153,
        "徳島ヴォルティス": 1571.7214418555848,
        "愛媛FC": 1336.889248566595,
        "水戸ホーリーホック": 1642.2136497551269,
        "藤枝MYFC": 1444.5553952042326
    },
    "J3": {
        "AC長野パルセイロ": 1375.056020745865,
        "FC大阪": 1564.7874992597092,
        "FC岐阜": 1458.2295336599918,
        "FC琉球": 1423.405454333666,
        "SC相模原": 1461.8150623449085,
        "アスルクラロ沼津": 1331.8496640778355,
        "カマタマーレ讃岐": 1366.8824963234892,
        "ガイナーレ鳥取": 1437.54670024521,
        "ギラヴァンツ北九州": 1447.1650979224667,
        "ザスパ群馬": 1363.6312912841413,
        "ツエーゲン金沢": 1494.1522870582808,
        "テゲバジャーロ宮崎": 1580.5809256767354,
        "ヴァンラーレ八戸": 1680.0524262885685,
        "奈良クラブ": 1529.5888320916565,
        "松本山雅FC": 1465.5276085597689,
        "栃木SC": 1527.2083103200753,
        "栃木シティ": 1608.422930550417,
        "福島ユナイテッドFC": 1470.442734217973,
        "高知ユナイテッドSC": 1416.505532780938,
        "鹿児島ユナイテッドFC": 1611.0492237936958
    }
}