{
    "J1": {
        "FC東京": 1493.943150580398,
        "FC町田ゼルビア": 1592.1390585972156,
        "アビスパ福岡": 1460.9578609593873,
        "アルビレックス新潟": 1316.0127921203684,
        "ガンバ大阪": 1547.8156790026933,
        "サンフレッチェ広島": 1605.1068371024285,
        "セレッソ大阪": 1522.9567979161147,
        "ファジアーノ岡山": 1457.2343900531957,
        "ヴィッセル神戸": 1631.088947153551,
        "京都サンガF.C.": 1629.7105975081126,
        "名古屋グランパス": 1466.1427218879255,
        "川崎フロンターレ": 1574.7845209728173,
        "東京ヴェルディ": 1466.2124057179888,
        "柏レイソル": 1633.1499576715976,
        "横浜FC": 1404.0920459365977,
        "横浜F・マリノス": 1429.8556594402864,
        "浦和レッズ": 1538.3201608557888,
        "清水エスパルス": 1492.3109993726648,
        "湘南ベルマーレ": 1318.805024684771,
        "鹿島アントラーズ": 1651.6923925554177
    },
    "J2": {
        "FC今治": 1528.9738983037405,
        "RB大宮アルディージャ": 1549.1836170124527,
        "V・ファーレン長崎": 1646.3162872212804,
        "いわきFC": 1552.255294586575,
        "カターレ富山": 1360.8122987136153,
        "サガン鳥栖": 1584.0079566905933,
        "ジェフユナイテッド千葉": 1569.6674777929559,
        "ジュビロ磐田": 1519.6127594084003,
        "ブラウブリッツ秋田": 1477.8304706023625,
        "ベガルタ仙台": 1585.4063976749235,
        "モンテディオ山形": 1486.5314202179622,
        "レノファ山口FC": 1381.2828321922777,
        "ロアッソ熊本": 1433.650316459947,
        "ヴァンフォーレ甲府": 1509.641738227705,
        "北海道コンサドーレ札幌": 1516.439235233343,
        "大分トリニータ": 1424.0506836298293,
        "徳島ヴォルティス": 1579.873580536823,
        "愛媛FC": 1331.934047706086,
        "水戸ホーリーホック": 1633.7990634565456,
        "藤枝MYFC": 1438.2426817092637
    },
    "J3": {
        "AC長野パルセイロ": 1377.5843471006106,
        "FC大阪": 1562.9290148170126,
        "FC岐阜": 1457.1376354802242,
        "FC琉球": 1431.4953030268077,
        "SC相模原": 1459.4509794203643,
        "アスルクラロ沼津": 1321.2798743327678,
        "カマタマーレ讃岐": 1350.6126969579618,
        "ガイナーレ鳥取": 1443.7103821295009,
        "ギラヴァンツ北九州": 1456.2981617855262,
        "ザスパ群馬": 1355.4340462886205,
        "ツエーゲン金沢": 1521.9226460624782,
        "テゲバジャーロ宮崎": 1583.1758000767336,
        "ヴァンラーレ八戸": 1690.8427799516455,
        "奈良クラブ": 1528.0257318933245,
        "松本山雅FC": 1444.0445078002097,
        "栃木SC": 1536.579505445972,
        "栃木シティ": 1616.9713269514532,
        "福島ユナイテッドFC": 1464.928698099476,
        "高知ユナイテッドSC": 1398.4833066478368,
        "鹿児島ユナイテッドFC": 1612.992887266866
    }
}