{
    "J1": {
        "アビスパ福岡": 1502.2804551822248,
        "アルビレックス新潟": 1357.4506989012364,
        "ガンバ大阪": 1521.195224788981,
        "サンフレッチェ広島": 1565.7597055243643,
        "セレッソ大阪": 1517.9253293451195,
        "ファジアーノ岡山": 1468.5088959274815,
        "ヴィッセル神戸": 1638.8620565794392,
        "京都サンガF.C.": 1593.5786099570428,
        "名古屋グランパス": 1472.3040220180972,
        "川崎フロンターレ": 1555.6253671518432,
        "東京ヴェルディ": 1465.6864707586597,
        "柏レイソル": 1611.896483863833,
        "横浜Ｆ・マリノス": 1372.7322341740253,
        "横浜ＦＣ": 1325.5702754400484,
        "浦和レッズ": 1557.0950613133343,
        "清水エスパルス": 1461.0445252285112,
        "湘南ベルマーレ": 1392.3443594617452,
        "鹿島アントラーズ": 1584.776406804698,
        "ＦＣ東京": 1469.1998178809451,
        "ＦＣ町田ゼルビア": 1566.16399969837
    },
    "J2": {
        "いわきＦＣ": 1475.7845792113303,
        "カターレ富山": 1409.4001069076355,
        "サガン鳥栖": 1609.583607405735,
        "ジェフユナイテッド千葉": 1557.1238405371855,
        "ジュビロ磐田": 1566.3102005013282,
        "ブラウブリッツ秋田": 1400.4311071729421,
        "ベガルタ仙台": 1603.5761236658548,
        "モンテディオ山形": 1390.3933088280824,
        "レノファ山口ＦＣ": 1380.1403281599064,
        "ロアッソ熊本": 1377.021691520512,
        "ヴァンフォーレ甲府": 1536.454873050073,
        "北海道コンサドーレ札幌": 1492.6196686674527,
        "大分トリニータ": 1465.0592765625856,
        "徳島ヴォルティス": 1575.587540103191,
        "愛媛ＦＣ": 1356.5986364233272,
        "水戸ホーリーホック": 1703.8869001674097,
        "藤枝ＭＹＦＣ": 1466.814433014793,
        "ＦＣ今治": 1502.1416743188456,
        "ＲＢ大宮アルディージャ": 1555.0768780984583,
        "Ｖ・ファーレン長崎": 1575.9952256833515
    },
    "J3": {
        "AC長野パルセイロ": 1424.7904445205245,
        "FC岐阜": 1379.0917512946946,
        "FC琉球": 1424.4258651134955,
        "SC相模原": 1436.348226485293,
        "アスルクラロ沼津": 1368.7108185201162,
        "カマタマーレ讃岐": 1359.8477237539323,
        "ガイナーレ鳥取": 1473.6361597753944,
        "ギラヴァンツ北九州": 1458.9444388849915,
        "ザスパ群馬": 1451.1535983656133,
        "ツエーゲン金沢": 1442.5305696634146,
        "テゲバジャーロ宮崎": 1576.990245508895,
        "ヴァンラーレ八戸": 1659.1854123700407,
        "奈良クラブ": 1505.2266505111572,
        "松本山雅FC": 1432.4964064141084,
        "栃木": 1415.350262382155,
        "栃木シティ": 1643.332569018117,
        "福島ユナイテッドFC": 1448.8890182057464,
        "高知ユナイテッドＳＣ": 1478.7185626129847,
        "鹿児島ユナイテッドFC": 1566.2060962972075,
        "ＦＣ大阪": 1628.734552908909
    }
}