{
    "J1": {
        "FC東京": 1491.1118589412727,
        "FC町田ゼルビア": 1594.4920755005317,
        "アビスパ福岡": 1459.104683319016,
        "アルビレックス新潟": 1320.6628518039906,
        "ガンバ大阪": 1552.067992575956,
        "サンフレッチェ広島": 1607.6893042677057,
        "セレッソ大阪": 1517.6704506491938,
        "ファジアーノ岡山": 1463.8094780898257,
        "ヴィッセル神戸": 1629.7998092475846,
        "京都サンガF.C.": 1634.405801303267,
        "名古屋グランパス": 1468.2283898376347,
        "川崎フロンターレ": 1569.0472789714368,
        "東京ヴェルディ": 1461.1067070869356,
        "柏レイソル": 1627.821778551719,
        "横浜FC": 1402.53141395221,
        "横浜F・マリノス": 1418.5573227548405,
        "浦和レッズ": 1547.3483196075576,
        "清水エスパルス": 1496.9601949004727,
        "湘南ベルマーレ": 1315.5116807868246,
        "鹿島アントラーズ": 1654.4046079413458
    },
    "J2": {
        "FC今治": 1535.0340986639294,
        "RB大宮アルディージャ": 1542.799960672634,
        "V・ファーレン長崎": 1640.565948020563,
        "いわきFC": 1545.0677095777326,
        "カターレ富山": 1366.1160224814705,
        "サガン鳥栖": 1575.3682008377723,
        "ジェフユナイテッド千葉": 1561.1580060839701,
        "ジュビロ磐田": 1527.5494629783527,
        "ブラウブリッツ秋田": 1483.9591788129244,
        "ベガルタ仙台": 1589.9094501999443,
        "モンテディオ山形": 1485.3609209874921,
        "レノファ山口FC": 1380.4266149907608,
        "ロアッソ熊本": 1437.2745659597624,
        "ヴァンフォーレ甲府": 1513.1283141149158,
        "北海道コンサドーレ札幌": 1511.012303932325,
        "大分トリニータ": 1420.8873646541133,
        "徳島ヴォルティス": 1568.996872743829,
        "愛媛FC": 1337.7244472646876,
        "水戸ホーリーホック": 1640.5296752707816,
        "藤枝MYFC": 1446.642939128722
    },
    "J3": {
        "AC長野パルセイロ": 1375.639336649974,
        "FC大阪": 1557.3546255298268,
        "FC岐阜": 1457.620523356615,
        "FC琉球": 1429.2592596410002,
        "SC相模原": 1462.32077899182,
        "アスルクラロ沼津": 1328.0960554151402,
        "カマタマーレ讃岐": 1369.2220526105077,
        "ガイナーレ鳥取": 1440.1698805375438,
        "ギラヴァンツ北九州": 1444.4882912624141,
        "ザスパ群馬": 1365.0782090243088,
        "ツエーゲン金沢": 1493.2721757799363,
        "テゲバジャーロ宮崎": 1578.6407932537747,
        "ヴァンラーレ八戸": 1677.7927283082909,
        "奈良クラブ": 1528.7734138633207,
        "松本山雅FC": 1468.1433204212644,
        "栃木SC": 1530.498645844318,
        "栃木シティ": 1606.3137821914117,
        "福島ユナイテッドFC": 1469.47348450899,
        "高知ユナイテッドSC": 1419.8776103053044,
        "鹿児島ユナイテッドFC": 1611.864664039631
    }
}