{
    "J1": {
        "アビスパ福岡": 1504.8353796711765,
        "アルビレックス新潟": 1356.8324298764458,
        "ガンバ大阪": 1522.336791018608,
        "サンフレッチェ広島": 1566.2643283463547,
        "セレッソ大阪": 1517.9827528177466,
        "ファジアーノ岡山": 1468.2996773883199,
        "ヴィッセル神戸": 1639.4782101022254,
        "京都サンガF.C.": 1593.1909970608785,
        "名古屋グランパス": 1471.1234312742276,
        "川崎フロンターレ": 1554.631217078277,
        "東京ヴェルディ": 1464.7014859316464,
        "柏レイソル": 1610.7776562115782,
        "横浜Ｆ・マリノス": 1373.6223350422088,
        "横浜ＦＣ": 1324.3924367823874,
        "浦和レッズ": 1558.2044454802037,
        "清水エスパルス": 1461.593783739855,
        "湘南ベルマーレ": 1389.3719722808712,
        "鹿島アントラーズ": 1586.0658784018126,
        "ＦＣ東京": 1469.293121211,
        "ＦＣ町田ゼルビア": 1567.0016702841765
    },
    "J2": {
        "いわきＦＣ": 1475.7725863370547,
        "カターレ富山": 1409.3329599951528,
        "サガン鳥栖": 1609.808248131069,
        "ジェフユナイテッド千葉": 1557.2704267653535,
        "ジュビロ磐田": 1566.441073502039,
        "ブラウブリッツ秋田": 1400.122481871267,
        "ベガルタ仙台": 1603.814170047632,
        "モンテディオ山形": 1390.0946836932671,
        "レノファ山口ＦＣ": 1379.7655106708291,
        "ロアッソ熊本": 1376.7678571371262,
        "ヴァンフォーレ甲府": 1536.5095026569397,
        "北海道コンサドーレ札幌": 1492.5243724365785,
        "大分トリニータ": 1465.114435733167,
        "徳島ヴォルティス": 1575.767104875575,
        "愛媛ＦＣ": 1356.1189327962784,
        "水戸ホーリーホック": 1704.4916302178058,
        "藤枝ＭＹＦＣ": 1466.8056790571713,
        "ＦＣ今治": 1502.1837942486404,
        "ＲＢ大宮アルディージャ": 1555.2379237330388,
        "Ｖ・ファーレン長崎": 1576.0566260940147
    },
    "J3": {
        "AC長野パルセイロ": 1413.3190523742312,
        "FC岐阜": 1369.8112890525858,
        "FC琉球": 1436.4560996814203,
        "SC相模原": 1453.9356888434845,
        "アスルクラロ沼津": 1359.7609695688636,
        "カマタマーレ讃岐": 1354.874248479385,
        "ガイナーレ鳥取": 1467.5099635092924,
        "ギラヴァンツ北九州": 1471.0408697802109,
        "ザスパ群馬": 1443.3168971570658,
        "ツエーゲン金沢": 1432.5971029439258,
        "テゲバジャーロ宮崎": 1556.4590859804657,
        "ヴァンラーレ八戸": 1665.8907596550735,
        "奈良クラブ": 1514.226615979053,
        "松本山雅FC": 1442.9024014141883,
        "栃木": 1432.7678753191378,
        "栃木シティ": 1625.059896758357,
        "福島ユナイテッドFC": 1437.9337764102695,
        "高知ユナイテッドＳＣ": 1489.677864533928,
        "鹿児島ユナイテッドFC": 1577.8956238593958,
        "ＦＣ大阪": 1629.1732913064575
    }
}