{
    "J1": {
        "アビスパ福岡": 1521.023005168462,
        "アルビレックス新潟": 1343.0964852429447,
        "ガンバ大阪": 1491.518855449173,
        "サンフレッチェ広島": 1570.6176510571509,
        "セレッソ大阪": 1517.8613112031414,
        "ファジアーノ岡山": 1518.9372360756988,
        "ヴィッセル神戸": 1603.0443570957734,
        "京都サンガF.C.": 1641.7800064188816,
        "名古屋グランパス": 1427.015979288645,
        "川崎フロンターレ": 1549.123639480971,
        "東京ヴェルディ": 1446.7087393843653,
        "柏レイソル": 1620.2017893546138,
        "横浜Ｆ・マリノス": 1388.3353414192597,
        "横浜ＦＣ": 1341.739112534324,
        "浦和レッズ": 1568.8082728752509,
        "清水エスパルス": 1451.847510125663,
        "湘南ベルマーレ": 1361.3657007276772,
        "鹿島アントラーズ": 1601.7855168152107,
        "ＦＣ東京": 1440.07385528962,
        "ＦＣ町田ゼルビア": 1595.1156349931737
    },
    "J2": {
        "いわきＦＣ": 1529.2711464011627,
        "カターレ富山": 1361.2829443407898,
        "サガン鳥栖": 1551.8898730009137,
        "ジェフユナイテッド千葉": 1591.2834647927484,
        "ジュビロ磐田": 1543.7219629539798,
        "ブラウブリッツ秋田": 1455.272305065364,
        "ベガルタ仙台": 1576.7194556802274,
        "モンテディオ山形": 1443.3505365967865,
        "レノファ山口ＦＣ": 1381.6818306460525,
        "ロアッソ熊本": 1426.6876699263403,
        "ヴァンフォーレ甲府": 1504.5879951754835,
        "北海道コンサドーレ札幌": 1520.6745649341046,
        "大分トリニータ": 1418.8905044507144,
        "徳島ヴォルティス": 1587.53268716018,
        "愛媛ＦＣ": 1323.5103822357696,
        "水戸ホーリーホック": 1632.875919975161,
        "藤枝ＭＹＦＣ": 1440.5581251803449,
        "ＦＣ今治": 1536.6578368844227,
        "ＲＢ大宮アルディージャ": 1545.4506605067918,
        "Ｖ・ファーレン長崎": 1628.1001340926618
    },
    "J3": {
        "AC長野パルセイロ": 1391.6127479336287,
        "FC岐阜": 1367.8028569638745,
        "FC琉球": 1449.8494889856127,
        "SC相模原": 1459.6501844630795,
        "アスルクラロ沼津": 1319.1473877310493,
        "カマタマーレ讃岐": 1370.6678318871911,
        "ガイナーレ鳥取": 1465.9708750127786,
        "ギラヴァンツ北九州": 1464.187979219548,
        "ザスパ群馬": 1437.3407841322212,
        "ツエーゲン金沢": 1468.7680859593763,
        "テゲバジャーロ宮崎": 1565.8618572867472,
        "ヴァンラーレ八戸": 1669.2564538606534,
        "奈良クラブ": 1542.1672772363986,
        "松本山雅FC": 1470.4896107960965,
        "栃木SC": 1487.292239614277,
        "栃木シティ": 1577.73358828949,
        "福島ユナイテッドFC": 1440.2543733893608,
        "高知ユナイテッドＳＣ": 1477.6052497952294,
        "鹿児島ユナイテッドFC": 1601.4299262159248,
        "ＦＣ大阪": 1602.420717253525
    }
}