{
    "J1": {
        "アビスパ福岡": 1534.5493518060207,
        "アルビレックス新潟": 1356.4836880655132,
        "ガンバ大阪": 1472.1715829113264,
        "サンフレッチェ広島": 1561.101154982968,
        "セレッソ大阪": 1512.3061661399067,
        "ファジアーノ岡山": 1517.3328875664436,
        "ヴィッセル神戸": 1596.8407906014656,
        "京都サンガF.C.": 1619.4909442157195,
        "名古屋グランパス": 1442.116573395,
        "川崎フロンターレ": 1519.8162002016297,
        "東京ヴェルディ": 1465.7588716375437,
        "柏レイソル": 1591.2150069617826,
        "横浜Ｆ・マリノス": 1385.9866641490964,
        "横浜ＦＣ": 1350.0978098696694,
        "浦和レッズ": 1582.869475461917,
        "清水エスパルス": 1441.8429571012095,
        "湘南ベルマーレ": 1382.4400186896087,
        "鹿島アントラーズ": 1597.8838132252347,
        "ＦＣ東京": 1451.0393488259824,
        "ＦＣ町田ゼルビア": 1618.656694191962
    },
    "J2": {
        "いわきＦＣ": 1495.2939406652577,
        "カターレ富山": 1387.948140256576,
        "サガン鳥栖": 1571.4421864530773,
        "ジェフユナイテッド千葉": 1597.1135307431236,
        "ジュビロ磐田": 1535.7054205281756,
        "ブラウブリッツ秋田": 1458.0042027377974,
        "ベガルタ仙台": 1563.5344290568073,
        "モンテディオ山形": 1432.1856918649405,
        "レノファ山口ＦＣ": 1383.8002636885637,
        "ロアッソ熊本": 1423.556221303706,
        "ヴァンフォーレ甲府": 1540.578278534788,
        "北海道コンサドーレ札幌": 1478.6707466398327,
        "大分トリニータ": 1430.7480352583168,
        "徳島ヴォルティス": 1580.3295307415951,
        "愛媛ＦＣ": 1325.313048070755,
        "水戸ホーリーホック": 1643.130213225643,
        "藤枝ＭＹＦＣ": 1438.3326670377712,
        "ＦＣ今治": 1548.64887624259,
        "ＲＢ大宮アルディージャ": 1553.7791802615832,
        "Ｖ・ファーレン長崎": 1611.8853966890995
    },
    "J3": {
        "AC長野パルセイロ": 1391.9676721757812,
        "FC岐阜": 1366.9412501828067,
        "FC琉球": 1449.3306228635788,
        "SC相模原": 1458.821478316374,
        "アスルクラロ沼津": 1335.4948672397845,
        "カマタマーレ讃岐": 1355.0444034826069,
        "ガイナーレ鳥取": 1485.7310865033107,
        "ギラヴァンツ北九州": 1464.312272244774,
        "ザスパ群馬": 1473.4278258238053,
        "ツエーゲン金沢": 1418.835883629705,
        "テゲバジャーロ宮崎": 1555.33529812953,
        "ヴァンラーレ八戸": 1683.5768372549805,
        "奈良クラブ": 1543.47633028822,
        "松本山雅FC": 1459.082692099506,
        "栃木SC": 1468.054676905298,
        "栃木シティ": 1603.5218599920624,
        "福島ユナイテッドFC": 1440.6748100158138,
        "高知ユナイテッドＳＣ": 1476.6607446301796,
        "鹿児島ユナイテッドFC": 1601.6979642283384,
        "ＦＣ大阪": 1597.5209400196077
    }
}