{
    "J1": {
        "アビスパ福岡": 1516.4613484782478,
        "アルビレックス新潟": 1338.235393067829,
        "ガンバ大阪": 1496.180126814774,
        "サンフレッチェ広島": 1572.4106756122064,
        "セレッソ大阪": 1518.7022971179001,
        "ファジアーノ岡山": 1517.0036859503764,
        "ヴィッセル神戸": 1603.9545202484037,
        "京都サンガF.C.": 1645.5505474394117,
        "名古屋グランパス": 1428.0121490117372,
        "川崎フロンターレ": 1557.6998199083766,
        "東京ヴェルディ": 1446.2790250729354,
        "柏レイソル": 1622.769379897313,
        "横浜Ｆ・マリノス": 1389.360816333346,
        "横浜ＦＣ": 1343.315513813434,
        "浦和レッズ": 1572.8147017806236,
        "清水エスパルス": 1454.7117406200719,
        "湘南ベルマーレ": 1352.1488240454908,
        "鹿島アントラーズ": 1598.539483061712,
        "ＦＣ東京": 1439.7129698210729,
        "ＦＣ町田ゼルビア": 1586.136981904738
    },
    "J2": {
        "いわきＦＣ": 1531.88941488664,
        "カターレ富山": 1357.9243717101438,
        "サガン鳥栖": 1548.7964626847606,
        "ジェフユナイテッド千葉": 1591.4121357228053,
        "ジュビロ磐田": 1541.3742902305469,
        "ブラウブリッツ秋田": 1456.3807200298227,
        "ベガルタ仙台": 1572.5257064293253,
        "モンテディオ山形": 1447.984768498891,
        "レノファ山口ＦＣ": 1382.8800969599954,
        "ロアッソ熊本": 1428.7331957206486,
        "ヴァンフォーレ甲府": 1502.372365667418,
        "北海道コンサドーレ札幌": 1523.603902303996,
        "大分トリニータ": 1420.5553375078175,
        "徳島ヴォルティス": 1586.9735099363147,
        "愛媛ＦＣ": 1329.2923856968498,
        "水戸ホーリーホック": 1630.875290934193,
        "藤枝ＭＹＦＣ": 1437.4096209032668,
        "ＦＣ今治": 1533.3844902730164,
        "ＲＢ大宮アルディージャ": 1542.0322760583094,
        "Ｖ・ファーレン長崎": 1633.5996578452384
    },
    "J3": {
        "AC長野パルセイロ": 1371.0720138467746,
        "FC岐阜": 1401.087547684851,
        "FC琉球": 1438.3573186202993,
        "SC相模原": 1520.39554951117,
        "アスルクラロ沼津": 1311.5489994920508,
        "カマタマーレ讃岐": 1375.3058466682019,
        "ガイナーレ鳥取": 1442.3731224226976,
        "ギラヴァンツ北九州": 1419.5943036721624,
        "ザスパ群馬": 1407.7942933256186,
        "ツエーゲン金沢": 1472.0538259120467,
        "テゲバジャーロ宮崎": 1554.9985527121928,
        "ヴァンラーレ八戸": 1670.201797083936,
        "奈良クラブ": 1568.487300675125,
        "松本山雅FC": 1458.0487704361378,
        "栃木SC": 1513.9554321775554,
        "栃木シティ": 1594.761189415996,
        "福島ユナイテッドFC": 1484.780889955721,
        "高知ユナイテッドＳＣ": 1441.9548777024906,
        "鹿児島ユナイテッドFC": 1609.0828779228557,
        "ＦＣ大阪": 1573.6550067881794
    }
}