{
    "J1": {
        "アビスパ福岡": 1530.1617942901707,
        "アルビレックス新潟": 1348.9891132353482,
        "ガンバ大阪": 1482.6390607913204,
        "サンフレッチェ広島": 1571.8617898333678,
        "セレッソ大阪": 1516.079116692412,
        "ファジアーノ岡山": 1529.9168656289933,
        "ヴィッセル神戸": 1595.2913055047006,
        "京都サンガF.C.": 1625.7825975749383,
        "名古屋グランパス": 1427.2668105197106,
        "川崎フロンターレ": 1533.8153442586988,
        "東京ヴェルディ": 1452.537079764821,
        "柏レイソル": 1610.246385733659,
        "横浜Ｆ・マリノス": 1396.4151043650393,
        "横浜ＦＣ": 1337.4315523790153,
        "浦和レッズ": 1563.745410809778,
        "清水エスパルス": 1446.5158121271238,
        "湘南ベルマーレ": 1370.7272624141865,
        "鹿島アントラーズ": 1606.321148015346,
        "ＦＣ東京": 1444.0635367226016,
        "ＦＣ町田ゼルビア": 1610.1929093387687
    },
    "J2": {
        "いわきＦＣ": 1510.1579612046598,
        "カターレ富山": 1377.1455385483046,
        "サガン鳥栖": 1575.1864500092006,
        "ジェフユナイテッド千葉": 1585.0352518891611,
        "ジュビロ磐田": 1546.8031604891362,
        "ブラウブリッツ秋田": 1450.9472226987148,
        "ベガルタ仙台": 1576.9996584911519,
        "モンテディオ山形": 1420.4550577501607,
        "レノファ山口ＦＣ": 1378.5358646616878,
        "ロアッソ熊本": 1412.2943554988199,
        "ヴァンフォーレ甲府": 1519.0544467774262,
        "北海道コンサドーレ札幌": 1500.2502645505651,
        "大分トリニータ": 1415.927405439759,
        "徳島ヴォルティス": 1591.1898548055246,
        "愛媛ＦＣ": 1316.7524846473416,
        "水戸ホーリーホック": 1639.20640267305,
        "藤枝ＭＹＦＣ": 1445.8582113996783,
        "ＦＣ今治": 1555.4978577217262,
        "ＲＢ大宮アルディージャ": 1564.8652076606202,
        "Ｖ・ファーレン長崎": 1617.8373430833105
    },
    "J3": {
        "AC長野パルセイロ": 1391.6878707096228,
        "FC岐阜": 1367.6072584962765,
        "FC琉球": 1449.8438489941566,
        "SC相模原": 1459.3072806785265,
        "アスルクラロ沼津": 1326.6656506422607,
        "カマタマーレ讃岐": 1355.3371281353864,
        "ガイナーレ鳥取": 1484.5755254161522,
        "ギラヴァンツ北九州": 1464.4605836346866,
        "ザスパ群馬": 1453.9939823128452,
        "ツエーゲン金沢": 1448.1736790969876,
        "テゲバジャーロ宮崎": 1564.7679994030977,
        "ヴァンラーレ八戸": 1679.4335976173566,
        "奈良クラブ": 1544.543573434574,
        "松本山雅FC": 1461.1426303147903,
        "栃木SC": 1482.9528914284351,
        "栃木シティ": 1573.4473841982062,
        "福島ユナイテッドFC": 1440.4160413166185,
        "高知ユナイテッドＳＣ": 1477.3173598994579,
        "鹿児島ユナイテッドFC": 1601.62789029008,
        "ＦＣ大阪": 1602.2073400065458
    }
}