{
    "J1": {
        "FC東京": 1450.0676563522163,
        "FC町田ゼルビア": 1596.9825489998882,
        "アビスパ福岡": 1526.565635704071,
        "アルビレックス新潟": 1350.112509298147,
        "ガンバ大阪": 1506.5788547100005,
        "サンフレッチェ広島": 1584.3530167114486,
        "セレッソ大阪": 1529.1770893300998,
        "ファジアーノ岡山": 1528.1806343650017,
        "ヴィッセル神戸": 1615.1998479008657,
        "京都サンガF.C.": 1655.257959357452,
        "名古屋グランパス": 1439.8688540040816,
        "川崎フロンターレ": 1568.089858218995,
        "東京ヴェルディ": 1458.1027192490328,
        "柏レイソル": 1630.5904359316892,
        "横浜FC": 1355.7171232888254,
        "横浜F・マリノス": 1418.2046388827491,
        "浦和レッズ": 1582.744920324046,
        "清水エスパルス": 1466.3579102523988,
        "湘南ベルマーレ": 1361.7829593867098,
        "鹿島アントラーズ": 1608.396827821601
    },
    "J2": {
        "FC今治": 1538.8232394466095,
        "RB大宮アルディージャ": 1547.40190287557,
        "V・ファーレン長崎": 1638.772084175926,
        "いわきFC": 1537.19504144241,
        "カターレ富山": 1363.3224704281201,
        "サガン鳥栖": 1554.1641570138427,
        "ジェフユナイテッド千葉": 1596.7468655963867,
        "ジュビロ磐田": 1546.7288379611377,
        "ブラウブリッツ秋田": 1461.8910269839973,
        "ベガルタ仙台": 1577.9861328820982,
        "モンテディオ山形": 1453.460234444089,
        "レノファ山口FC": 1388.7232668140678,
        "ロアッソ熊本": 1434.152466233495,
        "ヴァンフォーレ甲府": 1507.8883427880846,
        "北海道コンサドーレ札幌": 1529.038945634075,
        "大分トリニータ": 1425.898344170515,
        "徳島ヴォルティス": 1592.5019346827637,
        "愛媛FC": 1335.485686039068,
        "水戸ホーリーホック": 1636.259523963688,
        "藤枝MYFC": 1443.0715538007385
    },
    "J3": {
        "AC長野パルセイロ": 1369.286246530385,
        "FC大阪": 1546.3684022929915,
        "FC岐阜": 1402.4276903539908,
        "FC琉球": 1438.9777146784977,
        "SC相模原": 1519.7963349822596,
        "アスルクラロ沼津": 1310.6208815210189,
        "カマタマーレ讃岐": 1374.4184464381178,
        "ガイナーレ鳥取": 1441.3891855161962,
        "ギラヴァンツ北九州": 1417.5642361831542,
        "ザスパ群馬": 1405.1102887237162,
        "ツエーゲン金沢": 1496.3409643310852,
        "テゲバジャーロ宮崎": 1553.9137963534372,
        "ヴァンラーレ八戸": 1668.9805243544527,
        "奈良クラブ": 1568.3118753752256,
        "松本山雅FC": 1457.398755532669,
        "栃木SC": 1512.9893673867255,
        "栃木シティ": 1594.4017241540141,
        "福島ユナイテッドFC": 1485.7370992556037,
        "高知ユナイテッドSC": 1441.71901156978,
        "鹿児島ユナイテッドFC": 1608.1470860020722
    }
}