{
    "J1": {
        "FC東京": 1496.3700344536148,
        "FC町田ゼルビア": 1601.2674079565297,
        "アビスパ福岡": 1455.935506192381,
        "アルビレックス新潟": 1317.3328746313548,
        "ガンバ大阪": 1549.3035554476041,
        "サンフレッチェ広島": 1599.359333667274,
        "セレッソ大阪": 1530.2282521194345,
        "ファジアーノ岡山": 1467.4951510132967,
        "ヴィッセル神戸": 1636.8593988816015,
        "京都サンガF.C.": 1631.1407022402516,
        "名古屋グランパス": 1460.4807315111423,
        "川崎フロンターレ": 1567.144451140967,
        "東京ヴェルディ": 1456.1360944119692,
        "柏レイソル": 1626.427737800382,
        "横浜FC": 1402.4891187772212,
        "横浜F・マリノス": 1415.1746111751813,
        "浦和レッズ": 1538.986157380474,
        "清水エスパルス": 1497.7741093908437,
        "湘南ベルマーレ": 1327.3242136548959,
        "鹿島アントラーズ": 1655.1025582429015
    },
    "J2": {
        "FC今治": 1541.2864734577079,
        "RB大宮アルディージャ": 1532.4276620267392,
        "V・ファーレン長崎": 1636.7035049451829,
        "いわきFC": 1540.337454653619,
        "カターレ富山": 1356.3768514768483,
        "サガン鳥栖": 1572.2499304595426,
        "ジェフユナイテッド千葉": 1567.5005581900853,
        "ジュビロ磐田": 1524.6771063730803,
        "ブラウブリッツ秋田": 1481.726156133434,
        "ベガルタ仙台": 1599.2692448870716,
        "モンテディオ山形": 1473.8552696718357,
        "レノファ山口FC": 1386.5745129595248,
        "ロアッソ熊本": 1443.7199277961354,
        "ヴァンフォーレ甲府": 1516.6814612123828,
        "北海道コンサドーレ札幌": 1519.9038556644596,
        "大分トリニータ": 1422.3444340462038,
        "徳島ヴォルティス": 1561.2899059901708,
        "愛媛FC": 1336.1813355581276,
        "水戸ホーリーホック": 1635.365133145461,
        "藤枝MYFC": 1461.0412787290697
    },
    "J3": {
        "AC長野パルセイロ": 1375.7425947262561,
        "FC大阪": 1553.028047318162,
        "FC岐阜": 1449.79252222869,
        "FC琉球": 1435.924221040103,
        "SC相模原": 1468.4684524698882,
        "アスルクラロ沼津": 1321.662843097357,
        "カマタマーレ讃岐": 1374.579253704041,
        "ガイナーレ鳥取": 1445.7294479220404,
        "ギラヴァンツ北九州": 1438.5980974919557,
        "ザスパ群馬": 1373.1429358688529,
        "ツエーゲン金沢": 1484.766699750465,
        "テゲバジャーロ宮崎": 1574.1879909460877,
        "ヴァンラーレ八戸": 1669.040589838979,
        "奈良クラブ": 1523.4589056208006,
        "松本山雅FC": 1471.7845655088706,
        "栃木SC": 1538.353044822757,
        "栃木シティ": 1593.8846933404766,
        "福島ユナイテッドFC": 1472.28369827273,
        "高知ユナイテッドSC": 1425.4095247738214,
        "鹿児島ユナイテッドFC": 1624.0615027930587
    }
}