{
    "J1": {
        "アビスパ福岡": 1528.4776514830467,
        "アルビレックス新潟": 1352.6840227247296,
        "ガンバ大阪": 1493.7251884164061,
        "サンフレッチェ広島": 1571.8408974356273,
        "セレッソ大阪": 1517.4999877385787,
        "ファジアーノ岡山": 1487.8343753160973,
        "ヴィッセル神戸": 1598.8663134423034,
        "京都サンガF.C.": 1612.3822703406145,
        "名古屋グランパス": 1450.5289020001196,
        "川崎フロンターレ": 1528.701047009294,
        "東京ヴェルディ": 1468.8604056574393,
        "柏レイソル": 1617.9230792016463,
        "横浜Ｆ・マリノス": 1376.337107985083,
        "横浜ＦＣ": 1336.017138564126,
        "浦和レッズ": 1574.7902786879247,
        "清水エスパルス": 1451.2259854671977,
        "湘南ベルマーレ": 1382.3865736050575,
        "鹿島アントラーズ": 1596.4273445105262,
        "ＦＣ東京": 1455.327685760107,
        "ＦＣ町田ゼルビア": 1598.1637446540744
    },
    "J2": {
        "いわきＦＣ": 1484.9591024222495,
        "カターレ富山": 1392.24395278264,
        "サガン鳥栖": 1590.971740629716,
        "ジェフユナイテッド千葉": 1582.7354196592362,
        "ジュビロ磐田": 1536.1987033254773,
        "ブラウブリッツ秋田": 1445.567997808331,
        "ベガルタ仙台": 1576.488299799618,
        "モンテディオ山形": 1426.980420861984,
        "レノファ山口ＦＣ": 1380.8053982724073,
        "ロアッソ熊本": 1400.0251820701055,
        "ヴァンフォーレ甲府": 1520.743268622187,
        "北海道コンサドーレ札幌": 1489.360095863489,
        "大分トリニータ": 1445.9892165992408,
        "徳島ヴォルティス": 1588.2614986712715,
        "愛媛ＦＣ": 1340.808257264064,
        "水戸ホーリーホック": 1658.6502140108344,
        "藤枝ＭＹＦＣ": 1461.1883117934024,
        "ＦＣ今治": 1537.5335945682828,
        "ＲＢ大宮アルディージャ": 1548.518588516361,
        "Ｖ・ファーレン長崎": 1591.9707364591022
    },
    "J3": {
        "AC長野パルセイロ": 1400.824781016567,
        "FC岐阜": 1362.7313077056249,
        "FC琉球": 1444.965857900121,
        "SC相模原": 1459.1878580183602,
        "アスルクラロ沼津": 1344.2019318334783,
        "カマタマーレ讃岐": 1352.966486955186,
        "ガイナーレ鳥取": 1476.2854236236633,
        "ギラヴァンツ北九州": 1470.1180515700728,
        "ザスパ群馬": 1454.877138208541,
        "ツエーゲン金沢": 1417.925116922389,
        "テゲバジャーロ宮崎": 1549.2778577666927,
        "ヴァンラーレ八戸": 1675.9211206599796,
        "奈良クラブ": 1531.732341698814,
        "松本山雅FC": 1450.5742731097428,
        "栃木": 1454.0111080573474,
        "栃木シティ": 1601.7081332316116,
        "福島ユナイテッドFC": 1436.888773195155,
        "高知ユナイテッドＳＣ": 1484.097884984981,
        "鹿児島ユナイテッドFC": 1594.9493954084635,
        "ＦＣ大阪": 1611.3645307400004
    }
}