{
    "J1": {
        "FC東京": 1511.077929306863,
        "FC町田ゼルビア": 1582.240469045527,
        "アビスパ福岡": 1465.6839426095294,
        "アルビレックス新潟": 1312.8322403036143,
        "ガンバ大阪": 1554.2575087175942,
        "サンフレッチェ広島": 1598.4477963126199,
        "セレッソ大阪": 1538.9388076971288,
        "ファジアーノ岡山": 1451.6732796914368,
        "ヴィッセル神戸": 1625.422283994526,
        "京都サンガF.C.": 1620.211550555529,
        "名古屋グランパス": 1455.5528563703785,
        "川崎フロンターレ": 1563.7238643345916,
        "東京ヴェルディ": 1459.7755704823035,
        "柏レイソル": 1640.9774224163796,
        "横浜FC": 1398.2158941098692,
        "横浜F・マリノス": 1452.401063347643,
        "浦和レッズ": 1533.52923398151,
        "清水エスパルス": 1493.3455584584015,
        "湘南ベルマーレ": 1321.1288918053044,
        "鹿島アントラーズ": 1652.8958365485712
    },
    "J2": {
        "FC今治": 1530.2684844217506,
        "RB大宮アルディージャ": 1559.0392689368227,
        "V・ファーレン長崎": 1635.0284940193337,
        "いわきFC": 1560.8123274757038,
        "カターレ富山": 1363.4003739447803,
        "サガン鳥栖": 1564.4549536873049,
        "ジェフユナイテッド千葉": 1569.413469680431,
        "ジュビロ磐田": 1538.38031539376,
        "ブラウブリッツ秋田": 1484.7699314580761,
        "ベガルタ仙台": 1587.3436015600432,
        "モンテディオ山形": 1507.0257678107012,
        "レノファ山口FC": 1395.8647962622447,
        "ロアッソ熊本": 1409.3902857546445,
        "ヴァンフォーレ甲府": 1501.4668783731174,
        "北海道コンサドーレ札幌": 1514.0180078121914,
        "大分トリニータ": 1417.5816710159634,
        "徳島ヴォルティス": 1573.8250439356832,
        "愛媛FC": 1327.656583894358,
        "水戸ホーリーホック": 1634.7934911201467,
        "藤枝MYFC": 1434.9783108196252
    },
    "J3": {
        "AC長野パルセイロ": 1381.2602204645013,
        "FC大阪": 1571.2905523466063,
        "FC岐阜": 1461.689218569179,
        "FC琉球": 1423.0282762219033,
        "SC相模原": 1475.091792742317,
        "アスルクラロ沼津": 1323.586671942167,
        "カマタマーレ讃岐": 1349.7553588884812,
        "ガイナーレ鳥取": 1444.7693905765084,
        "ギラヴァンツ北九州": 1466.7958927798086,
        "ザスパ群馬": 1398.53471652304,
        "ツエーゲン金沢": 1509.1494362277883,
        "テゲバジャーロ宮崎": 1578.220071665834,
        "ヴァンラーレ八戸": 1663.7184590581685,
        "奈良クラブ": 1519.6589961519069,
        "松本山雅FC": 1428.780172955115,
        "栃木SC": 1540.1349217244458,
        "栃木シティ": 1623.7091786397853,
        "福島ユナイテッドFC": 1459.3424922934082,
        "高知ユナイテッドSC": 1382.5834278149714,
        "鹿児島ユナイテッドFC": 1612.8003839494565
    }
}