{
    "J1": {
        "FC東京": 1511.7954400038639,
        "FC町田ゼルビア": 1581.4919244419377,
        "アビスパ福岡": 1465.7074361649209,
        "アルビレックス新潟": 1311.7716699379735,
        "ガンバ大阪": 1554.353766510884,
        "サンフレッチェ広島": 1598.8779519304462,
        "セレッソ大阪": 1539.3889080518345,
        "ファジアーノ岡山": 1452.0049201407155,
        "ヴィッセル神戸": 1625.4137902375373,
        "京都サンガF.C.": 1619.3235137697193,
        "名古屋グランパス": 1455.3333993072144,
        "川崎フロンターレ": 1563.4766282025284,
        "東京ヴェルディ": 1459.8831896901386,
        "柏レイソル": 1641.543280914556,
        "横浜FC": 1397.9481095717094,
        "横浜F・マリノス": 1453.1727605440633,
        "浦和レッズ": 1533.0701746714835,
        "清水エスパルス": 1492.7642821778263,
        "湘南ベルマーレ": 1321.9330272223203,
        "鹿島アントラーズ": 1653.0778265976473
    },
    "J2": {
        "FC今治": 1529.4943680680938,
        "RB大宮アルディージャ": 1559.7210030292888,
        "V・ファーレン長崎": 1635.101119467624,
        "いわきFC": 1560.177462321687,
        "カターレ富山": 1364.7971457805738,
        "サガン鳥栖": 1563.3618031437836,
        "ジェフユナイテッド千葉": 1569.1869632557348,
        "ジュビロ磐田": 1538.9830013755347,
        "ブラウブリッツ秋田": 1485.3955781576406,
        "ベガルタ仙台": 1587.6722099458445,
        "モンテディオ山形": 1507.7353995748085,
        "レノファ山口FC": 1395.56153355125,
        "ロアッソ熊本": 1408.9591970962374,
        "ヴァンフォーレ甲府": 1500.9768691447316,
        "北海道コンサドーレ札幌": 1514.5919298447927,
        "大分トリニータ": 1417.0356275610472,
        "徳島ヴォルティス": 1574.1338869094177,
        "愛媛FC": 1327.329601007359,
        "水戸ホーリーホック": 1634.0053791934808,
        "藤枝MYFC": 1435.291978947751
    },
    "J3": {
        "AC長野パルセイロ": 1375.8505460731828,
        "FC大阪": 1568.3560844792833,
        "FC岐阜": 1465.679606544925,
        "FC琉球": 1418.4148150208373,
        "SC相模原": 1482.5872556902245,
        "アスルクラロ沼津": 1316.8497059305082,
        "カマタマーレ讃岐": 1356.2123398086146,
        "ガイナーレ鳥取": 1462.0611844552457,
        "ギラヴァンツ北九州": 1455.1508386427652,
        "ザスパ群馬": 1406.9764712896626,
        "ツエーゲン金沢": 1516.5637056897283,
        "テゲバジャーロ宮崎": 1581.128135843485,
        "ヴァンラーレ八戸": 1658.2141941886925,
        "奈良クラブ": 1510.7081440348056,
        "松本山雅FC": 1432.154747957033,
        "栃木SC": 1533.111809988038,
        "栃木シティ": 1610.9275862816548,
        "福島ユナイテッドFC": 1469.364381701816,
        "高知ユナイテッドSC": 1388.0067444806623,
        "鹿児島ユナイテッドFC": 1605.581333434227
    }
}