{
    "J1": {
        "FC東京": 1493.1281011742776,
        "FC町田ゼルビア": 1592.4747260310871,
        "アビスパ福岡": 1460.6202591283736,
        "アルビレックス新潟": 1317.5079766424371,
        "ガンバ大阪": 1549.0540632605866,
        "サンフレッチェ広島": 1606.0619352763065,
        "セレッソ大阪": 1521.4853270831711,
        "ファジアーノ岡山": 1458.6394383001568,
        "ヴィッセル神戸": 1630.5361060702116,
        "京都サンガF.C.": 1631.1217410454865,
        "名古屋グランパス": 1466.8136433740272,
        "川崎フロンターレ": 1573.4406155441,
        "東京ヴェルディ": 1465.0753244622406,
        "柏レイソル": 1631.8431037546663,
        "横浜FC": 1403.6837416127196,
        "横浜F・マリノス": 1427.1495858188432,
        "浦和レッズ": 1540.6702920377982,
        "清水エスパルス": 1493.4857536232198,
        "湘南ベルマーレ": 1317.303487623376,
        "鹿島アントラーズ": 1652.2367782262356
    },
    "J2": {
        "FC今治": 1529.8649718833913,
        "RB大宮アルディージャ": 1547.8541671468472,
        "V・ファーレン長崎": 1644.8236954210938,
        "いわきFC": 1551.1681844787317,
        "カターレ富山": 1362.6130481913447,
        "サガン鳥栖": 1582.2017945424623,
        "ジェフユナイテッド千葉": 1567.4209489090965,
        "ジュビロ磐田": 1521.5215319355848,
        "ブラウブリッツ秋田": 1479.299564599592,
        "ベガルタ仙台": 1586.2203517425821,
        "モンテディオ山形": 1486.595412891967,
        "レノファ山口FC": 1380.4175169661846,
        "ロアッソ熊本": 1433.7599785239427,
        "ヴァンフォーレ甲府": 1510.278539155189,
        "北海道コンサドーレ札幌": 1514.9463895441897,
        "大分トリニータ": 1423.3150120030825,
        "徳島ヴォルティス": 1578.0137985988915,
        "愛媛FC": 1333.3188853126624,
        "水戸ホーリーホック": 1636.045231993148,
        "藤枝MYFC": 1439.833033536698
    },
    "J3": {
        "AC長野パルセイロ": 1378.1917518741734,
        "FC大阪": 1568.9824715728728,
        "FC岐阜": 1458.6300530912335,
        "FC琉球": 1429.6017744036544,
        "SC相模原": 1458.1455025242863,
        "アスルクラロ沼津": 1322.5775734509123,
        "カマタマーレ讃岐": 1352.936818329224,
        "ガイナーレ鳥取": 1444.154948632916,
        "ギラヴァンツ北九州": 1454.6299756382587,
        "ザスパ群馬": 1356.9589218524525,
        "ツエーゲン金沢": 1516.546282783317,
        "テゲバジャーロ宮崎": 1582.4553197012715,
        "ヴァンラーレ八戸": 1688.9240844255744,
        "奈良クラブ": 1526.9351672422426,
        "松本山雅FC": 1449.37852644239,
        "栃木SC": 1530.6714594357584,
        "栃木シティ": 1617.2404678040273,
        "福島ユナイテッドFC": 1464.5738826878214,
        "高知ユナイテッドSC": 1400.7695892595318,
        "鹿児島ユナイテッドFC": 1611.5950603834738
    }
}