{
    "J1": {
        "FC東京": 1486.2453659220428,
        "FC町田ゼルビア": 1587.168164243271,
        "アビスパ福岡": 1492.9744740897274,
        "アルビレックス新潟": 1324.3619971674425,
        "ガンバ大阪": 1530.6485010511087,
        "サンフレッチェ広島": 1586.1115836831955,
        "セレッソ大阪": 1551.1876246993777,
        "ファジアーノ岡山": 1491.0602520701739,
        "ヴィッセル神戸": 1616.5799083740917,
        "京都サンガF.C.": 1634.9034320711644,
        "名古屋グランパス": 1471.6844835873376,
        "川崎フロンターレ": 1564.1526621214718,
        "東京ヴェルディ": 1454.6811685859848,
        "柏レイソル": 1633.41980246102,
        "横浜FC": 1378.8334503634244,
        "横浜F・マリノス": 1402.2373542949608,
        "浦和レッズ": 1551.4154921447002,
        "清水エスパルス": 1496.9413687501467,
        "湘南ベルマーレ": 1350.229312217894,
        "鹿島アントラーズ": 1627.495602190784
    },
    "J2": {
        "FC今治": 1533.3156526973262,
        "RB大宮アルディージャ": 1521.3623035983048,
        "V・ファーレン長崎": 1646.2889613777709,
        "いわきFC": 1557.2886161033323,
        "カターレ富山": 1358.0350201146148,
        "サガン鳥栖": 1569.6454076805855,
        "ジェフユナイテッド千葉": 1573.1545203594533,
        "ジュビロ磐田": 1549.3633067550068,
        "ブラウブリッツ秋田": 1475.5003234151343,
        "ベガルタ仙台": 1584.2126736224452,
        "モンテディオ山形": 1462.092617615657,
        "レノファ山口FC": 1404.64836658736,
        "ロアッソ熊本": 1441.1660320528588,
        "ヴァンフォーレ甲府": 1497.873862339961,
        "北海道コンサドーレ札幌": 1527.0528940853899,
        "大分トリニータ": 1438.0932805106463,
        "徳島ヴォルティス": 1563.4235314662237,
        "愛媛FC": 1316.9916961751967,
        "水戸ホーリーホック": 1630.792975219006,
        "藤枝MYFC": 1459.2100156004087
    },
    "J3": {
        "AC長野パルセイロ": 1363.8939547251134,
        "FC大阪": 1555.3375144038528,
        "FC岐阜": 1435.2853829480514,
        "FC琉球": 1451.3467140458952,
        "SC相模原": 1496.6302710509551,
        "アスルクラロ沼津": 1318.7643480518684,
        "カマタマーレ讃岐": 1361.3413074855548,
        "ガイナーレ鳥取": 1451.140523826666,
        "ギラヴァンツ北九州": 1448.1172803374325,
        "ザスパ群馬": 1377.0090033238473,
        "ツエーゲン金沢": 1474.7045065208104,
        "テゲバジャーロ宮崎": 1567.826460153977,
        "ヴァンラーレ八戸": 1649.5746225490734,
        "奈良クラブ": 1532.9373075912783,
        "松本山雅FC": 1468.7746379523367,
        "栃木SC": 1535.8529818095576,
        "栃木シティ": 1579.2795891120004,
        "福島ユナイテッドFC": 1491.4331236869214,
        "高知ユナイテッドSC": 1420.1331682953091,
        "鹿児島ユナイテッドFC": 1634.5169336648917
    }
}