{
    "J1": {
        "FC東京": 1511.6355720867045,
        "FC町田ゼルビア": 1581.6607685227823,
        "アビスパ福岡": 1465.7003107310227,
        "アルビレックス新潟": 1312.0569499734631,
        "ガンバ大阪": 1554.3316434064977,
        "サンフレッチェ広島": 1598.781867773907,
        "セレッソ大阪": 1539.2936733127342,
        "ファジアーノ岡山": 1451.923899034455,
        "ヴィッセル神戸": 1625.4120799636642,
        "京都サンガF.C.": 1619.5243349637055,
        "名古屋グランパス": 1455.377023472775,
        "川崎フロンターレ": 1563.5333608279818,
        "東京ヴェルディ": 1459.8588274944457,
        "柏レイソル": 1641.3922130334843,
        "横浜FC": 1398.009814492497,
        "横浜F・マリノス": 1453.0020129571408,
        "浦和レッズ": 1533.1720518748102,
        "清水エスパルス": 1492.8977562559278,
        "湘南ベルマーレ": 1321.7321603530054,
        "鹿島アントラーズ": 1653.0356795583166
    },
    "J2": {
        "FC今治": 1529.6639399531819,
        "RB大宮アルディージャ": 1559.5656843080337,
        "V・ファーレン長崎": 1635.0794269957737,
        "いわきFC": 1560.3147880786257,
        "カターレ富山": 1364.4587135455538,
        "サガン鳥栖": 1563.6098595576211,
        "ジェフユナイテッド千葉": 1569.2323384376991,
        "ジュビロ磐田": 1538.8422703699757,
        "ブラウブリッツ秋田": 1485.266672788805,
        "ベガルタ仙台": 1587.5985162229106,
        "モンテディオ山形": 1507.5874833404432,
        "レノファ山口FC": 1395.6320210591864,
        "ロアッソ熊本": 1409.0558363865846,
        "ヴァンフォーレ甲府": 1501.0898850701335,
        "北海道コンサドーレ札幌": 1514.4608245445513,
        "大分トリニータ": 1417.151438323221,
        "徳島ヴォルティス": 1574.070738841677,
        "愛媛FC": 1327.417741241374,
        "水戸ホーリーホック": 1634.1944849979275,
        "藤枝MYFC": 1435.2193933134029
    },
    "J3": {
        "AC長野パルセイロ": 1376.8857843840342,
        "FC大阪": 1569.1741024308083,
        "FC岐阜": 1470.1417353805712,
        "FC琉球": 1419.2801621641404,
        "SC相模原": 1480.9335375394808,
        "アスルクラロ沼津": 1318.6707029590184,
        "カマタマーレ讃岐": 1354.4944565541607,
        "ガイナーレ鳥取": 1452.697971928798,
        "ギラヴァンツ北九州": 1457.5386376614256,
        "ザスパ群馬": 1405.0624415119155,
        "ツエーゲン金沢": 1514.4703408778357,
        "テゲバジャーロ宮崎": 1580.6013607284845,
        "ヴァンラーレ八戸": 1659.695271728401,
        "奈良クラブ": 1512.9163359156778,
        "松本山雅FC": 1431.3067006801973,
        "栃木SC": 1534.6335851274882,
        "栃木シティ": 1614.3725476237998,
        "福島ユナイテッドFC": 1467.1437263656692,
        "高知ユナイテッドSC": 1386.6226554743996,
        "鹿児島ユナイテッドFC": 1607.2575744990854
    }
}