{
    "J1": {
        "FC東京": 1510.7505206202984,
        "FC町田ゼルビア": 1598.0315810094621,
        "アビスパ福岡": 1460.2452427572284,
        "アルビレックス新潟": 1319.2224315097105,
        "ガンバ大阪": 1546.6706428887528,
        "サンフレッチェ広島": 1596.457095188637,
        "セレッソ大阪": 1540.0927057978352,
        "ファジアーノ岡山": 1470.713438760002,
        "ヴィッセル神戸": 1633.2777978062409,
        "京都サンガF.C.": 1622.4945995039575,
        "名古屋グランパス": 1463.1787146283564,
        "川崎フロンターレ": 1564.1741681005017,
        "東京ヴェルディ": 1455.713419179393,
        "柏レイソル": 1628.8284363057683,
        "横浜FC": 1391.5358577239258,
        "横浜F・マリノス": 1400.6308461156775,
        "浦和レッズ": 1540.5313913420043,
        "清水エスパルス": 1499.985612241751,
        "湘南ベルマーレ": 1338.4190939592804,
        "鹿島アントラーズ": 1651.3784046505377
    },
    "J2": {
        "FC今治": 1540.7628605861844,
        "RB大宮アルディージャ": 1528.4379355568822,
        "V・ファーレン長崎": 1642.3065882689095,
        "いわきFC": 1545.0939071214357,
        "カターレ富山": 1362.3453742439103,
        "サガン鳥栖": 1572.5260545959545,
        "ジェフユナイテッド千葉": 1568.9037991522478,
        "ジュビロ磐田": 1529.5523367966414,
        "ブラウブリッツ秋田": 1476.3123074846656,
        "ベガルタ仙台": 1595.6085039876946,
        "モンテディオ山形": 1470.3633502228693,
        "レノファ山口FC": 1390.198044645941,
        "ロアッソ熊本": 1442.4049200519894,
        "ヴァンフォーレ甲府": 1511.9845645978587,
        "北海道コンサドーレ札幌": 1523.1861566494033,
        "大分トリニータ": 1427.7554160088494,
        "徳島ヴォルティス": 1555.6413828586576,
        "愛媛FC": 1329.307973871421,
        "水戸ホーリーホック": 1628.932394188617,
        "藤枝MYFC": 1467.8881864865496
    },
    "J3": {
        "AC長野パルセイロ": 1359.9938765819682,
        "FC大阪": 1553.3045911575612,
        "FC岐阜": 1447.0011129062539,
        "FC琉球": 1438.959101183448,
        "SC相模原": 1470.1339053825716,
        "アスルクラロ沼津": 1324.5911193440409,
        "カマタマーレ讃岐": 1376.8596664676375,
        "ガイナーレ鳥取": 1448.2284993664844,
        "ギラヴァンツ北九州": 1441.3366804799382,
        "ザスパ群馬": 1373.2477814717206,
        "ツエーゲン金沢": 1481.322654629426,
        "テゲバジャーロ宮崎": 1571.389499229229,
        "ヴァンラーレ八戸": 1663.8370832912958,
        "奈良クラブ": 1523.4617062566144,
        "松本山雅FC": 1469.249925982935,
        "栃木SC": 1541.001157040689,
        "栃木シティ": 1590.3399184708671,
        "福島ユナイテッドFC": 1488.4688933807106,
        "高知ユナイテッドSC": 1422.81871410986,
        "鹿児島ユナイテッドFC": 1628.3537448021418
    }
}