{
    "J1": {
        "FC東京": 1468.1183743807185,
        "FC町田ゼルビア": 1557.0704066022618,
        "アビスパ福岡": 1519.6730491141288,
        "アルビレックス新潟": 1340.941806637202,
        "ガンバ大阪": 1501.2578728041021,
        "サンフレッチェ広島": 1577.8109767824235,
        "セレッソ大阪": 1521.5743507531176,
        "ファジアーノ岡山": 1519.9624105686491,
        "ヴィッセル神戸": 1607.2350717418738,
        "京都サンガF.C.": 1648.571780304468,
        "名古屋グランパス": 1432.6383517541904,
        "川崎フロンターレ": 1561.3332748939424,
        "東京ヴェルディ": 1451.0224620805466,
        "柏レイソル": 1624.3937532973189,
        "横浜FC": 1410.834100308916,
        "横浜Ｆ・マリノス": 1395.6823346745305,
        "浦和レッズ": 1578.1609301307237,
        "清水エスパルス": 1459.1114560019614,
        "湘南ベルマーレ": 1354.3877050867873,
        "鹿島アントラーズ": 1601.054066542893
    },
    "J2": {
        "FC今治": 1525.4131043324749,
        "RB大宮アルディージャ": 1529.5118770185763,
        "V・ファーレン長崎": 1585.5695540035335,
        "いわきFC": 1519.957892977152,
        "カターレ富山": 1360.0231626262987,
        "サガン鳥栖": 1549.937792671158,
        "ジェフユナイテッド千葉": 1592.2052096614293,
        "ジュビロ磐田": 1542.8264511867135,
        "ブラウブリッツ秋田": 1461.1623525527725,
        "ベガルタ仙台": 1576.2086871967306,
        "モンテディオ山形": 1451.1047128765433,
        "レノファ山口FC": 1434.1359476204425,
        "ロアッソ熊本": 1430.3296217164034,
        "ヴァンフォーレ甲府": 1507.5468864847587,
        "北海道コンサドーレ札幌": 1526.0781572227718,
        "大分トリニータ": 1420.1679940627512,
        "徳島ヴォルティス": 1592.8397584786971,
        "愛媛FC": 1404.6594461913642,
        "水戸ホーリーホック": 1633.2252053846653,
        "藤枝MYFC": 1466.6082431114467
    },
    "J3": {
        "AC長野パルセイロ": 1370.267820448503,
        "FC大阪": 1527.0844514123664,
        "FC岐阜": 1401.9877491538068,
        "FC琉球": 1438.7688157958958,
        "SC相模原": 1519.435528794485,
        "アスルクラロ沼津": 1311.16670613211,
        "カマタマーレ讃岐": 1375.1582023212254,
        "ガイナーレ鳥取": 1442.380389403052,
        "ギラヴァンツ北九州": 1418.4762349435143,
        "ザスパ群馬": 1405.7342385056954,
        "ツエーゲン金沢": 1486.7164280377324,
        "テゲバジャーロ宮崎": 1554.138461045305,
        "ヴァンラーレ八戸": 1668.653980099014,
        "奈良クラブ": 1568.8460602538485,
        "松本山雅FC": 1457.6541376291275,
        "栃木SC": 1513.4925038452527,
        "栃木シティ": 1594.3143527200048,
        "福島ユナイテッドFC": 1486.1691612695417,
        "高知ユナイテッドSC": 1464.908691844492,
        "鹿児島ユナイテッドFC": 1608.5457178804195
    }
}