{
    "J1": {
        "アビスパ福岡": 1500.918330141864,
        "アルビレックス新潟": 1358.8637711270878,
        "ガンバ大阪": 1518.4954129621733,
        "サンフレッチェ広島": 1564.6086589667057,
        "セレッソ大阪": 1517.8480083340492,
        "ファジアーノ岡山": 1469.3054494960434,
        "ヴィッセル神戸": 1637.325354215281,
        "京都サンガF.C.": 1594.7769825238988,
        "名古屋グランパス": 1475.1248901568704,
        "川崎フロンターレ": 1558.026243353162,
        "東京ヴェルディ": 1467.7913831306123,
        "柏レイソル": 1614.3978499094721,
        "横浜Ｆ・マリノス": 1370.2921532645514,
        "横浜ＦＣ": 1327.969840491955,
        "浦和レッズ": 1550.1183088590449,
        "清水エスパルス": 1459.6705219066591,
        "湘南ベルマーレ": 1399.289995908191,
        "鹿島アントラーズ": 1581.8785068518196,
        "ＦＣ東京": 1469.1719788761989,
        "ＦＣ町田ゼルビア": 1564.12635952436
    },
    "J2": {
        "いわきＦＣ": 1475.8139598428188,
        "カターレ富山": 1409.556127289086,
        "サガン鳥栖": 1609.1571816890714,
        "ジェフユナイテッド千葉": 1556.8510550648543,
        "ジュビロ磐田": 1566.056250704406,
        "ブラウブリッツ秋田": 1400.9982656939908,
        "ベガルタ仙台": 1603.1279566899068,
        "モンテディオ山形": 1390.9412033823698,
        "レノファ山口ＦＣ": 1380.822509979464,
        "ロアッソ熊本": 1377.501582127725,
        "ヴァンフォーレ甲府": 1536.3450822996533,
        "北海道コンサドーレ札幌": 1492.7872063485627,
        "大分トリニータ": 1464.9744790266177,
        "徳島ヴォルティス": 1575.2543716463358,
        "愛媛ＦＣ": 1357.466991035948,
        "水戸ホーリーホック": 1702.7918000249128,
        "藤枝ＭＹＦＣ": 1466.8410122915097,
        "ＦＣ今治": 1502.069241090185,
        "ＲＢ大宮アルディージャ": 1554.7798397671345,
        "Ｖ・ファーレン長崎": 1575.8638840054473
    },
    "J3": {
        "AC長野パルセイロ": 1423.74592973873,
        "FC岐阜": 1377.308289270092,
        "FC琉球": 1424.4782945889813,
        "SC相模原": 1433.9566552153105,
        "アスルクラロ沼津": 1369.1778650777412,
        "カマタマーレ讃岐": 1361.2153006705844,
        "ガイナーレ鳥取": 1473.6606041003297,
        "ギラヴァンツ北九州": 1451.7430128606732,
        "ザスパ群馬": 1450.8511726841155,
        "ツエーゲン金沢": 1442.6921425294604,
        "テゲバジャーロ宮崎": 1585.0480538354575,
        "ヴァンラーレ八戸": 1658.0677609487147,
        "奈良クラブ": 1507.1601705496987,
        "松本山雅FC": 1432.1147318609787,
        "栃木": 1419.0911950359093,
        "栃木シティ": 1642.0353682645928,
        "福島ユナイテッドFC": 1449.0149253433704,
        "高知ユナイテッドＳＣ": 1478.7634332111734,
        "鹿児島ユナイテッドFC": 1558.5945323488734,
        "ＦＣ大阪": 1635.889934472004
    }
}