{
    "J1": {
        "FC東京": 1490.6753772694067,
        "FC町田ゼルビア": 1593.595772802487,
        "アビスパ福岡": 1459.430486252724,
        "アルビレックス新潟": 1321.350311354695,
        "ガンバ大阪": 1552.9386528270973,
        "サンフレッチェ広島": 1608.7060654402958,
        "セレッソ大阪": 1516.290756179507,
        "ファジアーノ岡山": 1463.462142322019,
        "ヴィッセル神戸": 1628.97268032942,
        "京都サンガF.C.": 1635.0311020551521,
        "名古屋グランパス": 1469.026794918117,
        "川崎フロンターレ": 1569.3015847607633,
        "東京ヴェルディ": 1461.5822570647133,
        "柏レイソル": 1627.9997773019293,
        "横浜FC": 1402.5508641069694,
        "横浜F・マリノス": 1418.9685694146567,
        "浦和レッズ": 1548.2889939389474,
        "清水エスパルス": 1497.0478789837662,
        "湘南ベルマーレ": 1313.6037008645885,
        "鹿島アントラーズ": 1653.508231902066
    },
    "J2": {
        "FC今治": 1532.4793367200828,
        "RB大宮アルディージャ": 1543.9437892506028,
        "V・ファーレン長崎": 1641.1940719589395,
        "いわきFC": 1547.7132571725735,
        "カターレ富山": 1367.6635796321189,
        "サガン鳥栖": 1577.0760529745307,
        "ジェフユナイテッド千葉": 1560.799548745602,
        "ジュビロ磐田": 1527.579312135419,
        "ブラウブリッツ秋田": 1483.752971985333,
        "ベガルタ仙台": 1588.841470262716,
        "モンテディオ山形": 1487.033730133883,
        "レノファ山口FC": 1377.9988540041838,
        "ロアッソ熊本": 1434.2348737392954,
        "ヴァンフォーレ甲府": 1512.7174803517682,
        "北海道コンサドーレ札幌": 1510.2163707868071,
        "大分トリニータ": 1420.8221863952115,
        "徳島ヴォルティス": 1571.9323381360643,
        "愛媛FC": 1336.767473152898,
        "水戸ホーリーホック": 1642.3992504310288,
        "藤枝MYFC": 1444.346109407624
    },
    "J3": {
        "AC長野パルセイロ": 1374.7395805979315,
        "FC大阪": 1565.4369987575826,
        "FC岐阜": 1458.1087687576742,
        "FC琉球": 1422.9402935915405,
        "SC相模原": 1461.7568287736437,
        "アスルクラロ沼津": 1332.0213299702195,
        "カマタマーレ讃岐": 1366.4505926622876,
        "ガイナーレ鳥取": 1437.288677822312,
        "ギラヴァンツ北九州": 1449.158687818,
        "ザスパ群馬": 1363.540643714657,
        "ツエーゲン金沢": 1494.2680057648568,
        "テゲバジャーロ宮崎": 1580.6815495530363,
        "ヴァンラーレ八戸": 1680.5355940236495,
        "奈良クラブ": 1524.9041796270026,
        "松本山雅FC": 1465.3777268336123,
        "栃木SC": 1526.760833114792,
        "栃木シティ": 1614.1412788723944,
        "福島ユナイテッドFC": 1470.6506440324895,
        "高知ユナイテッドSC": 1416.2001301301075,
        "鹿児島ユナイテッドFC": 1608.937287117603
    }
}