{
    "J1": {
        "FC東京": 1464.4371226118622,
        "FC町田ゼルビア": 1587.2197015195006,
        "アビスパ福岡": 1509.876571114564,
        "アルビレックス新潟": 1335.7847474039283,
        "ガンバ大阪": 1529.4516834918008,
        "サンフレッチェ広島": 1586.0928162533862,
        "セレッソ大阪": 1547.4579949280667,
        "ファジアーノ岡山": 1505.6410950668565,
        "ヴィッセル神戸": 1616.5698986159796,
        "京都サンガF.C.": 1652.5978518957486,
        "名古屋グランパス": 1462.8453003737934,
        "川崎フロンターレ": 1579.5566066811778,
        "東京ヴェルディ": 1446.3291433968413,
        "柏レイソル": 1636.6476762818443,
        "横浜FC": 1367.6801337707377,
        "横浜F・マリノス": 1387.0445513748857,
        "浦和レッズ": 1562.240139396065,
        "清水エスパルス": 1479.184704205563,
        "湘南ベルマーレ": 1358.6137053799362,
        "鹿島アントラーズ": 1617.0605563267818
    },
    "J2": {
        "FC今治": 1522.6256825037685,
        "RB大宮アルディージャ": 1535.6494861455396,
        "V・ファーレン長崎": 1652.1220893785141,
        "いわきFC": 1553.1668244022517,
        "カターレ富山": 1354.4813439852949,
        "サガン鳥栖": 1561.2110212338616,
        "ジェフユナイテッド千葉": 1578.2453038256479,
        "ジュビロ磐田": 1563.3856936223983,
        "ブラウブリッツ秋田": 1469.828173268437,
        "ベガルタ仙台": 1580.4935694259473,
        "モンテディオ山形": 1462.0758424826242,
        "レノファ山口FC": 1406.3537171085845,
        "ロアッソ熊本": 1444.2755045049842,
        "ヴァンフォーレ甲府": 1500.1189805457466,
        "北海道コンサドーレ札幌": 1513.6972397335333,
        "大分トリニータ": 1426.7155576493988,
        "徳島ヴォルティス": 1582.6676038904666,
        "愛媛FC": 1326.2541284955366,
        "水戸ホーリーホック": 1633.627536666059,
        "藤枝MYFC": 1442.5167585080872
    },
    "J3": {
        "AC長野パルセイロ": 1369.708900433137,
        "FC大阪": 1559.931909818054,
        "FC岐阜": 1424.7420406394147,
        "FC琉球": 1453.1507577854384,
        "SC相模原": 1498.3668967651322,
        "アスルクラロ沼津": 1300.4045220192202,
        "カマタマーレ讃岐": 1363.1737479820092,
        "ガイナーレ鳥取": 1441.0686693946625,
        "ギラヴァンツ北九州": 1433.8880655162388,
        "ザスパ群馬": 1389.0591427019986,
        "ツエーゲン金沢": 1482.2711907892246,
        "テゲバジャーロ宮崎": 1569.5864328846606,
        "ヴァンラーレ八戸": 1653.3679267473124,
        "奈良クラブ": 1553.8445484755437,
        "松本山雅FC": 1467.4711733599102,
        "栃木SC": 1520.9490413426345,
        "栃木シティ": 1580.7399172616201,
        "福島ユナイテッドFC": 1497.2600048804568,
        "高知ユナイテッドSC": 1431.9434110067816,
        "鹿児島ユナイテッドFC": 1622.9713317319424
    }
}