{
    "J1": {
        "FC東京": 1506.2657399585466,
        "FC町田ゼルビア": 1589.0359603163802,
        "アビスパ福岡": 1472.9430271036742,
        "アルビレックス新潟": 1323.3747520495417,
        "ガンバ大阪": 1538.6158507298926,
        "サンフレッチェ広島": 1587.805160033275,
        "セレッソ大阪": 1543.0368871786375,
        "ファジアーノ岡山": 1480.8976825007858,
        "ヴィッセル神戸": 1623.0417483726694,
        "京都サンガF.C.": 1623.960154350904,
        "名古屋グランパス": 1470.9431048851247,
        "川崎フロンターレ": 1562.648531391179,
        "東京ヴェルディ": 1454.4345091979458,
        "柏レイソル": 1629.729756447785,
        "横浜FC": 1389.263482462664,
        "横浜F・マリノス": 1402.8737086466801,
        "浦和レッズ": 1544.5938421550773,
        "清水エスパルス": 1506.8987692715514,
        "湘南ベルマーレ": 1340.8595142134704,
        "鹿島アントラーズ": 1641.1098188235362
    },
    "J2": {
        "FC今治": 1539.0490929291234,
        "RB大宮アルディージャ": 1515.9109294389457,
        "V・ファーレン長崎": 1642.6297046788366,
        "いわきFC": 1558.990312428975,
        "カターレ富山": 1361.9087092375187,
        "サガン鳥栖": 1573.37630219879,
        "ジェフユナイテッド千葉": 1573.4163690055943,
        "ジュビロ磐田": 1542.9399992794645,
        "ブラウブリッツ秋田": 1476.2794807923804,
        "ベガルタ仙台": 1585.3669098041632,
        "モンテディオ山形": 1460.5832519127023,
        "レノファ山口FC": 1400.5272702797413,
        "ロアッソ熊本": 1438.1867067039507,
        "ヴァンフォーレ甲府": 1497.835928384358,
        "北海道コンサドーレ札幌": 1532.9484494864143,
        "大分トリニータ": 1443.5622765755375,
        "徳島ヴォルティス": 1556.2706322332185,
        "愛媛FC": 1313.4416947373427,
        "水戸ホーリーホック": 1629.129824194635,
        "藤枝MYFC": 1467.1582130749903
    },
    "J3": {
        "AC長野パルセイロ": 1360.5262126294472,
        "FC大阪": 1554.521599963417,
        "FC岐阜": 1438.360514311924,
        "FC琉球": 1447.5971341300667,
        "SC相模原": 1474.112487268016,
        "アスルクラロ沼津": 1331.4564668652938,
        "カマタマーレ讃岐": 1382.9710991098596,
        "ガイナーレ鳥取": 1455.6631555013764,
        "ギラヴァンツ北九州": 1449.226917862211,
        "ザスパ群馬": 1371.996682705708,
        "ツエーゲン金沢": 1472.6358156261065,
        "テゲバジャーロ宮崎": 1563.8895575387778,
        "ヴァンラーレ八戸": 1651.8980836818673,
        "奈良クラブ": 1523.2490888282905,
        "松本山雅FC": 1469.1240162994318,
        "栃木SC": 1541.318403334036,
        "栃木シティ": 1581.9806633463404,
        "福島ユナイテッドFC": 1488.2204790288122,
        "高知ユナイテッドSC": 1415.5899728165873,
        "鹿児島ユナイテッドFC": 1639.5612806878235
    }
}