{
    "J1": {
        "アビスパ福岡": 1531.514303484662,
        "アルビレックス新潟": 1351.6870073183513,
        "ガンバ大阪": 1478.3254163652844,
        "サンフレッチェ広島": 1567.3972260817766,
        "セレッソ大阪": 1515.0933609477395,
        "ファジアーノ岡山": 1525.1215811273094,
        "ヴィッセル神戸": 1596.490536582685,
        "京都サンガF.C.": 1619.4174941357678,
        "名古屋グランパス": 1432.4480243273226,
        "川崎フロンターレ": 1529.1663540197799,
        "東京ヴェルディ": 1457.046777193396,
        "柏レイソル": 1607.3353631328719,
        "横浜Ｆ・マリノス": 1393.143209301935,
        "横浜ＦＣ": 1342.0933194702336,
        "浦和レッズ": 1566.6446672261786,
        "清水エスパルス": 1444.8207894134046,
        "湘南ベルマーレ": 1375.075688923843,
        "鹿島アントラーズ": 1602.7863251607039,
        "ＦＣ東京": 1450.7533721904751,
        "ＦＣ町田ゼルビア": 1613.6391835962795
    },
    "J2": {
        "いわきＦＣ": 1505.0836924536789,
        "カターレ富山": 1381.0474632461971,
        "サガン鳥栖": 1573.3888072260647,
        "ジェフユナイテッド千葉": 1597.3307847083763,
        "ジュビロ磐田": 1542.5996498511358,
        "ブラウブリッツ秋田": 1453.3847064302563,
        "ベガルタ仙台": 1563.5735802397626,
        "モンテディオ山形": 1424.9015435910183,
        "レノファ山口ＦＣ": 1383.7572699249556,
        "ロアッソ熊本": 1416.1195159616311,
        "ヴァンフォーレ甲府": 1526.617924471807,
        "北海道コンサドーレ札幌": 1492.845621511994,
        "大分トリニータ": 1421.0577631513368,
        "徳島ヴォルティス": 1587.2835398819652,
        "愛媛ＦＣ": 1320.2843483513193,
        "水戸ホーリーホック": 1640.396264820099,
        "藤枝ＭＹＦＣ": 1443.0486017896685,
        "ＦＣ今治": 1553.7030309509998,
        "ＲＢ大宮アルディージャ": 1561.1791217813684,
        "Ｖ・ファーレン長崎": 1612.396769656364
    },
    "J3": {
        "AC長野パルセイロ": 1391.9724676931132,
        "FC岐阜": 1367.3055631129264,
        "FC琉球": 1449.6154066311112,
        "SC相模原": 1458.7963466668127,
        "アスルクラロ沼津": 1329.8683142329392,
        "カマタマーレ讃岐": 1354.5934156553149,
        "ガイナーレ鳥取": 1485.0835518298381,
        "ギラヴァンツ北九州": 1463.6760756333597,
        "ザスパ群馬": 1461.6090755610076,
        "ツエーゲン金沢": 1437.009219742111,
        "テゲバジャーロ宮崎": 1560.8135159866151,
        "ヴァンラーレ八戸": 1681.1270292741056,
        "奈良クラブ": 1543.89691282615,
        "松本山雅FC": 1460.4081088044345,
        "栃木SC": 1477.8098107889987,
        "栃木シティ": 1585.9376713335791,
        "福島ユナイテッドFC": 1440.8897807777414,
        "高知ユナイテッドＳＣ": 1476.73634456954,
        "鹿児島ユナイテッドFC": 1601.9528980289176,
        "ＦＣ大阪": 1600.4080068774472
    }
}