{
    "J1": {
        "FC東京": 1499.8912397893862,
        "FC町田ゼルビア": 1591.4708497490308,
        "アビスパ福岡": 1464.3071196417534,
        "アルビレックス新潟": 1319.149211928086,
        "ガンバ大阪": 1551.6097492364274,
        "サンフレッチェ広島": 1596.4918706834897,
        "セレッソ大阪": 1530.151831040187,
        "ファジアーノ岡山": 1451.0034964642134,
        "ヴィッセル神戸": 1627.500980856313,
        "京都サンガF.C.": 1630.299437632578,
        "名古屋グランパス": 1461.0068798688899,
        "川崎フロンターレ": 1568.6754991688708,
        "東京ヴェルディ": 1460.6744455487703,
        "柏レイソル": 1635.6608874908027,
        "横浜FC": 1402.1469754383045,
        "横浜F・マリノス": 1439.1713527780125,
        "浦和レッズ": 1538.6681222921648,
        "清水エスパルス": 1497.8304432274674,
        "湘南ベルマーレ": 1315.5319772591536,
        "鹿島アントラーズ": 1651.0896299954195
    },
    "J2": {
        "FC今治": 1530.7843804452098,
        "RB大宮アルディージャ": 1547.5810246367123,
        "V・ファーレン長崎": 1645.1828799817297,
        "いわきFC": 1560.0071868170198,
        "カターレ富山": 1353.8516578573701,
        "サガン鳥栖": 1578.909042785999,
        "ジェフユナイテッド千葉": 1568.0162372588793,
        "ジュビロ磐田": 1521.54917909285,
        "ブラウブリッツ秋田": 1480.10071976978,
        "ベガルタ仙台": 1590.593018420039,
        "モンテディオ山形": 1488.7066542767022,
        "レノファ山口FC": 1388.051692797202,
        "ロアッソ熊本": 1427.130181244998,
        "ヴァンフォーレ甲府": 1510.2577576667256,
        "北海道コンサドーレ札幌": 1513.2710384760123,
        "大分トリニータ": 1429.1750218445843,
        "徳島ヴォルティス": 1572.4628921701392,
        "愛媛FC": 1329.153699194956,
        "水戸ホーリーホック": 1636.5759489187471,
        "藤枝MYFC": 1438.1518437210261
    },
    "J3": {
        "AC長野パルセイロ": 1382.4190215182223,
        "FC大阪": 1561.9976754301429,
        "FC岐阜": 1452.2324536834517,
        "FC琉球": 1428.5331123018634,
        "SC相模原": 1465.2099427486235,
        "アスルクラロ沼津": 1314.0593342675488,
        "カマタマーレ讃岐": 1356.7823527086277,
        "ガイナーレ鳥取": 1440.1030402691115,
        "ギラヴァンツ北九州": 1461.319701057919,
        "ザスパ群馬": 1365.697300688788,
        "ツエーゲン金沢": 1527.986401075506,
        "テゲバジャーロ宮崎": 1586.8584129264148,
        "ヴァンラーレ八戸": 1684.3843503086375,
        "奈良クラブ": 1519.9464554508022,
        "松本山雅FC": 1435.041016178241,
        "栃木SC": 1538.621811691671,
        "栃木シティ": 1623.5772377489736,
        "福島ユナイテッドFC": 1459.6987907354583,
        "高知ユナイテッドSC": 1392.730656060173,
        "鹿児島ユナイテッドFC": 1616.700564685216
    }
}