{
    "J1": {
        "FC東京": 1511.8417855197242,
        "FC町田ゼルビア": 1581.442653998535,
        "アビスパ福岡": 1465.710098802653,
        "アルビレックス新潟": 1311.666501512876,
        "ガンバ大阪": 1554.3605593390128,
        "サンフレッチェ広島": 1598.905754414881,
        "セレッソ大阪": 1539.414697527158,
        "ファジアーノ岡山": 1452.030727298492,
        "ヴィッセル神戸": 1625.4161697917834,
        "京都サンガF.C.": 1619.2652032946914,
        "名古屋グランパス": 1455.3226367661812,
        "川崎フロンターレ": 1563.4599053318295,
        "東京ヴェルディ": 1459.8903859803665,
        "柏レイソル": 1641.5981164940242,
        "横浜FC": 1397.929296096461,
        "横浜F・マリノス": 1453.2212245813505,
        "浦和レッズ": 1533.0412801577552,
        "清水エスパルス": 1492.7244139512,
        "湘南ベルマーレ": 1321.9994472929084,
        "鹿島アントラーズ": 1653.091141937437
    },
    "J2": {
        "FC今治": 1527.8337612122355,
        "RB大宮アルディージャ": 1553.343050143305,
        "V・ファーレン長崎": 1639.46922266235,
        "いわきFC": 1558.3410810532757,
        "カターレ富山": 1372.3994515014715,
        "サガン鳥栖": 1561.4742529561172,
        "ジェフユナイテッド千葉": 1572.1118400497571,
        "ジュビロ磐田": 1537.2385474497823,
        "ブラウブリッツ秋田": 1486.8774755615912,
        "ベガルタ仙台": 1585.6136382445115,
        "モンテディオ山形": 1509.706991162356,
        "レノファ山口FC": 1397.6524995445673,
        "ロアッソ熊本": 1406.936335565804,
        "ヴァンフォーレ甲府": 1494.3475169054213,
        "北海道コンサドーレ札幌": 1515.298583247395,
        "大分トリニータ": 1414.017251954071,
        "徳島ヴォルティス": 1581.2601242703777,
        "愛媛FC": 1328.9447024714916,
        "水戸ホーリーホック": 1629.1932565156596,
        "藤枝MYFC": 1437.4524749051407
    },
    "J3": {
        "AC長野パルセイロ": 1372.7151032732588,
        "FC大阪": 1568.1459070756007,
        "FC岐阜": 1460.6728896410625,
        "FC琉球": 1421.1204845996358,
        "SC相模原": 1483.5215226139214,
        "アスルクラロ沼津": 1312.1131849764304,
        "カマタマーレ讃岐": 1367.0504754176636,
        "ガイナーレ鳥取": 1459.449034167823,
        "ギラヴァンツ北九州": 1461.5264689496662,
        "ザスパ群馬": 1413.6415332105178,
        "ツエーゲン金沢": 1511.596904118137,
        "テゲバジャーロ宮崎": 1585.1257535069867,
        "ヴァンラーレ八戸": 1647.4357888445734,
        "奈良クラブ": 1509.751058151521,
        "松本山雅FC": 1426.7531481163874,
        "栃木SC": 1537.8758363626691,
        "栃木シティ": 1612.0196138400054,
        "福島ユナイテッドFC": 1472.967240217628,
        "高知ユナイテッドSC": 1389.2622974341637,
        "鹿児島ユナイテッドFC": 1601.1553870177402
    }
}