{
    "J1": {
        "FC東京": 1502.1795165118533,
        "FC町田ゼルビア": 1591.089992393934,
        "アビスパ福岡": 1465.7120819283878,
        "アルビレックス新潟": 1320.7594168625856,
        "ガンバ大阪": 1553.1252755145636,
        "サンフレッチェ広島": 1593.19004348586,
        "セレッソ大阪": 1532.6229039642496,
        "ファジアーノ岡山": 1448.6591122296663,
        "ヴィッセル神戸": 1625.8239214894045,
        "京都サンガF.C.": 1630.4318109182311,
        "名古屋グランパス": 1459.042458065557,
        "川崎フロンターレ": 1566.4446355888128,
        "東京ヴェルディ": 1458.4885880260767,
        "柏レイソル": 1636.769248094858,
        "横浜FC": 1401.301103774816,
        "横浜F・マリノス": 1442.8770051183062,
        "浦和レッズ": 1539.1152771558236,
        "清水エスパルス": 1499.9463382351084,
        "湘南ベルマーレ": 1314.045932194682,
        "鹿島アントラーズ": 1650.707338536544
    },
    "J2": {
        "FC今治": 1540.0909467807646,
        "RB大宮アルディージャ": 1551.1284166258986,
        "V・ファーレン長崎": 1634.7027011859388,
        "いわきFC": 1569.0937410774768,
        "カターレ富山": 1349.8749298244975,
        "サガン鳥栖": 1577.0642306282323,
        "ジェフユナイテッド千葉": 1572.8294391341349,
        "ジュビロ磐田": 1531.7681138977682,
        "ブラウブリッツ秋田": 1475.9415061453315,
        "ベガルタ仙台": 1583.3634532753267,
        "モンテディオ山形": 1496.975106254138,
        "レノファ山口FC": 1399.2356092017544,
        "ロアッソ熊本": 1414.4791152915705,
        "ヴァンフォーレ甲府": 1507.013636042558,
        "北海道コンサドーレ札幌": 1507.4643327143872,
        "大分トリニータ": 1425.0139670948738,
        "徳島ヴォルティス": 1569.3017486975407,
        "愛媛FC": 1330.093359887365,
        "水戸ホーリーホック": 1642.6353421363783,
        "藤枝MYFC": 1431.4423614807463
    },
    "J3": {
        "AC長野パルセイロ": 1384.0451236111107,
        "FC大阪": 1567.2332437339355,
        "FC岐阜": 1459.8695375720695,
        "FC琉球": 1430.7902817883678,
        "SC相模原": 1466.0279912037709,
        "アスルクラロ沼津": 1313.703282570662,
        "カマタマーレ讃岐": 1351.957805542368,
        "ガイナーレ鳥取": 1444.7938573084132,
        "ギラヴァンツ北九州": 1475.4917927181286,
        "ザスパ群馬": 1383.271842652961,
        "ツエーゲン金沢": 1518.648665963445,
        "テゲバジャーロ宮崎": 1587.2434446766622,
        "ヴァンラーレ八戸": 1668.2694044872987,
        "奈良クラブ": 1518.911561512827,
        "松本山雅FC": 1426.3297114773745,
        "栃木SC": 1531.307769742283,
        "栃木シティ": 1622.468421215064,
        "福島ユナイテッドFC": 1450.7676550061637,
        "高知ユナイテッドSC": 1390.252847284955,
        "鹿児島ユナイテッドFC": 1622.515391467532
    }
}