{
    "J1": {
        "FC東京": 1511.8554111247245,
        "FC町田ゼルビア": 1581.4282579796075,
        "アビスパ福岡": 1465.7110216529093,
        "アルビレックス新潟": 1311.6276730028733,
        "ガンバ大阪": 1554.3627212102251,
        "サンフレッチェ広島": 1598.9138784496022,
        "セレッソ大阪": 1539.4217913343887,
        "ファジアーノ岡山": 1452.0388398717178,
        "ヴィッセル神戸": 1625.4176032284593,
        "京都サンガF.C.": 1619.2484184647112,
        "名古屋グランパス": 1455.3199733951092,
        "川崎フロンターレ": 1563.4550399261957,
        "東京ヴェルディ": 1459.8925277987476,
        "柏レイソル": 1641.6179960665784,
        "横浜FC": 1397.9234162132257,
        "横浜F・マリノス": 1453.2349471885022,
        "浦和レッズ": 1533.0331548129798,
        "清水エスパルス": 1492.7124923655012,
        "湘南ベルマーレ": 1322.021250676853,
        "鹿島アントラーズ": 1653.095585326409
    },
    "J2": {
        "FC今治": 1527.3538584366834,
        "RB大宮アルディージャ": 1551.4716217506407,
        "V・ファーレン長崎": 1640.718244953279,
        "いわきFC": 1557.8678619794416,
        "カターレ富山": 1374.6699551160455,
        "サガン鳥栖": 1560.9294740283497,
        "ジェフユナイテッド千葉": 1572.9450568696318,
        "ジュビロ磐田": 1536.73364841826,
        "ブラウブリッツ秋田": 1487.179505027831,
        "ベガルタ仙台": 1584.9899838853971,
        "モンテディオ山形": 1510.2200938607205,
        "レノファ山口FC": 1398.3141872879596,
        "ロアッソ熊本": 1406.392955216863,
        "ヴァンフォーレ甲府": 1492.5017062009263,
        "北海道コンサドーレ札幌": 1515.446711980325,
        "大分トリニータ": 1413.2550908746705,
        "徳島ヴォルティス": 1583.2025816665216,
        "愛媛FC": 1329.5608878212965,
        "水戸ホーリーホック": 1627.73080194107,
        "藤枝MYFC": 1438.0278300607686
    },
    "J3": {
        "AC長野パルセイロ": 1371.5581627532197,
        "FC大阪": 1570.9910627834658,
        "FC岐阜": 1459.2516073608163,
        "FC琉球": 1421.8601141004892,
        "SC相模原": 1477.7426561231832,
        "アスルクラロ沼津": 1310.6034503652875,
        "カマタマーレ讃岐": 1370.326893719239,
        "ガイナーレ鳥取": 1458.6636596413975,
        "ギラヴァンツ北九州": 1463.4855339458313,
        "ザスパ群馬": 1415.5000325689127,
        "ツエーゲン金沢": 1510.4653111787434,
        "テゲバジャーロ宮崎": 1586.1339813803763,
        "ヴァンラーレ八戸": 1644.207917005106,
        "奈良クラブ": 1515.1759168023202,
        "松本山雅FC": 1425.405738463753,
        "栃木SC": 1539.321892793661,
        "栃木シティ": 1612.5345624921406,
        "福島ユナイテッドFC": 1473.62343983872,
        "高知ユナイテッドSC": 1386.8243828524833,
        "鹿児島ユナイテッドFC": 1600.2233153662453
    }
}