{
    "J1": {
        "アビスパ福岡": 1520.084064527118,
        "アルビレックス新潟": 1349.7036406483041,
        "ガンバ大阪": 1509.162849839521,
        "サンフレッチェ広島": 1563.0819136205391,
        "セレッソ大阪": 1524.781245997305,
        "ファジアーノ岡山": 1482.2086916663925,
        "ヴィッセル神戸": 1625.4090857602253,
        "京都サンガF.C.": 1600.9906812903027,
        "名古屋グランパス": 1462.4832769525583,
        "川崎フロンターレ": 1540.4173127946874,
        "東京ヴェルディ": 1472.994292273283,
        "柏レイソル": 1615.2795142250145,
        "横浜Ｆ・マリノス": 1365.064587163724,
        "横浜ＦＣ": 1318.6021354514496,
        "浦和レッズ": 1563.836523620091,
        "清水エスパルス": 1465.4050536618572,
        "湘南ベルマーレ": 1382.2751979775605,
        "鹿島アントラーズ": 1594.992864930754,
        "ＦＣ東京": 1461.2736248074411,
        "ＦＣ町田ゼルビア": 1581.9534427918713
    },
    "J2": {
        "いわきＦＣ": 1493.7299647916568,
        "カターレ富山": 1400.5868770914335,
        "サガン鳥栖": 1591.843607746019,
        "ジェフユナイテッド千葉": 1565.2413251055693,
        "ジュビロ磐田": 1527.9099515228245,
        "ブラウブリッツ秋田": 1427.0898372599595,
        "ベガルタ仙台": 1589.0677176399365,
        "モンテディオ山形": 1410.118841933018,
        "レノファ山口ＦＣ": 1376.8032885694984,
        "ロアッソ熊本": 1399.1695822116508,
        "ヴァンフォーレ甲府": 1520.605342266042,
        "北海道コンサドーレ札幌": 1505.3000304178,
        "大分トリニータ": 1448.2063203969099,
        "徳島ヴォルティス": 1595.5630610132519,
        "愛媛ＦＣ": 1343.7234411873167,
        "水戸ホーリーホック": 1678.0894282940558,
        "藤枝ＭＹＦＣ": 1461.8483865769267,
        "ＦＣ今治": 1525.0169698341642,
        "ＲＢ大宮アルディージャ": 1552.5705739482762,
        "Ｖ・ファーレン長崎": 1587.5154521936902
    },
    "J3": {
        "AC長野パルセイロ": 1406.0723001212236,
        "FC岐阜": 1363.902157527095,
        "FC琉球": 1443.8155793688948,
        "SC相模原": 1465.5725717423106,
        "アスルクラロ沼津": 1353.9203547457223,
        "カマタマーレ讃岐": 1352.6703717044031,
        "ガイナーレ鳥取": 1463.6310070593752,
        "ギラヴァンツ北九州": 1479.415781217181,
        "ザスパ群馬": 1437.729350462279,
        "ツエーゲン金沢": 1426.7805031294608,
        "テゲバジャーロ宮崎": 1542.9584982701151,
        "ヴァンラーレ八戸": 1670.8254881965765,
        "奈良クラブ": 1520.2395334445382,
        "松本山雅FC": 1449.7963974980985,
        "栃木": 1443.7798989687883,
        "栃木シティ": 1610.0457796461453,
        "福島ユナイテッドFC": 1431.9235454914124,
        "高知ユナイテッドＳＣ": 1496.3912421167543,
        "鹿児島ユナイテッドFC": 1585.7630874294746,
        "ＦＣ大阪": 1629.3759244669427
    }
}