{
    "J1": {
        "FC東京": 1468.9515063900471,
        "FC町田ゼルビア": 1587.1997071089143,
        "アビスパ福岡": 1509.272719687483,
        "アルビレックス新潟": 1335.4152810155852,
        "ガンバ大阪": 1530.2872384092025,
        "サンフレッチェ広島": 1586.125415205149,
        "セレッソ大阪": 1548.003303832757,
        "ファジアーノ岡山": 1505.3713362605245,
        "ヴィッセル神戸": 1616.5786688598414,
        "京都サンガF.C.": 1652.4848470906911,
        "名古屋グランパス": 1463.097531897055,
        "川崎フロンターレ": 1579.7759082603711,
        "東京ヴェルディ": 1442.0251678866496,
        "柏レイソル": 1636.4826253455983,
        "横浜FC": 1367.8699458586834,
        "横浜F・マリノス": 1386.4600551341755,
        "浦和レッズ": 1561.6581291072855,
        "清水エスパルス": 1479.3524171337986,
        "湘南ベルマーレ": 1358.647033170996,
        "鹿島アントラーズ": 1617.273162434512
    },
    "J2": {
        "FC今治": 1521.2083040592947,
        "RB大宮アルディージャ": 1534.291842807904,
        "V・ファーレン長崎": 1653.985951883899,
        "いわきFC": 1554.4056201906144,
        "カターレ富山": 1351.0867815699567,
        "サガン鳥栖": 1561.505939156449,
        "ジェフユナイテッド千葉": 1571.0599854847783,
        "ジュビロ磐田": 1564.9213193328103,
        "ブラウブリッツ秋田": 1473.2536613303232,
        "ベガルタ仙台": 1580.4427957898163,
        "モンテディオ山形": 1465.0766934708308,
        "レノファ山口FC": 1413.440694457355,
        "ロアッソ熊本": 1447.9491986522519,
        "ヴァンフォーレ甲府": 1499.1145750440735,
        "北海道コンサドーレ札幌": 1512.9178749537928,
        "大分トリニータ": 1426.6458967450606,
        "徳島ヴォルティス": 1578.980535106279,
        "愛媛FC": 1322.963795252896,
        "水戸ホーリーホック": 1633.4398462120985,
        "藤枝MYFC": 1442.8207458761983
    },
    "J3": {
        "AC長野パルセイロ": 1369.9000722677565,
        "FC大阪": 1556.812991379047,
        "FC岐阜": 1427.6783031089074,
        "FC琉球": 1458.9037268301079,
        "SC相模原": 1496.842123718509,
        "アスルクラロ沼津": 1299.518341191866,
        "カマタマーレ讃岐": 1361.7777055861598,
        "ガイナーレ鳥取": 1441.2155080234797,
        "ギラヴァンツ北九州": 1444.131264875071,
        "ザスパ群馬": 1387.528863511966,
        "ツエーゲン金沢": 1476.8873932384313,
        "テゲバジャーロ宮崎": 1575.7045832711458,
        "ヴァンラーレ八戸": 1645.8429740124566,
        "奈良クラブ": 1552.6058916901559,
        "松本山雅FC": 1468.4635828739185,
        "栃木SC": 1524.6343673061835,
        "栃木シティ": 1574.5785651903545,
        "福島ユナイテッドFC": 1498.1919507820046,
        "高知ユナイテッドSC": 1428.6140399594701,
        "鹿児島ユナイテッドFC": 1624.0673827184016
    }
}