{
    "J1": {
        "FC東京": 1451.3608691674092,
        "FC町田ゼルビア": 1590.60613116103,
        "アビスパ福岡": 1528.04331694177,
        "アルビレックス新潟": 1349.7583676889246,
        "ガンバ大阪": 1507.9096863311026,
        "サンフレッチェ広島": 1583.927342459257,
        "セレッソ大阪": 1530.0717514106027,
        "ファジアーノ岡山": 1528.7403597544453,
        "ヴィッセル神戸": 1616.2095738680648,
        "京都サンガF.C.": 1654.6628985035436,
        "名古屋グランパス": 1439.5425566738115,
        "川崎フロンターレ": 1569.3999466747669,
        "東京ヴェルディ": 1457.6852667647643,
        "柏レイソル": 1637.787378811283,
        "横浜FC": 1362.1871508697693,
        "横浜F・マリノス": 1397.2209147946646,
        "浦和レッズ": 1584.085610404155,
        "清水エスパルス": 1466.254237067839,
        "湘南ベルマーレ": 1366.7734539485205,
        "鹿島アントラーズ": 1610.1051867935955
    },
    "J2": {
        "FC今治": 1538.8580517345065,
        "RB大宮アルディージャ": 1547.5048812651055,
        "V・ファーレン長崎": 1639.0773266662713,
        "いわきFC": 1537.3631148860022,
        "カターレ富山": 1363.3938748177673,
        "サガン鳥栖": 1554.2707835025094,
        "ジェフユナイテッド千葉": 1596.8827644640348,
        "ジュビロ磐田": 1546.8447723704476,
        "ブラウブリッツ秋田": 1461.8573248281755,
        "ベガルタ仙台": 1577.997624423729,
        "モンテディオ山形": 1453.4648039310364,
        "レノファ山口FC": 1388.3628881406228,
        "ロアッソ熊本": 1434.2075435771148,
        "ヴァンフォーレ甲府": 1507.84820989249,
        "北海道コンサドーレ札幌": 1529.0801197177857,
        "大分トリニータ": 1426.028717009835,
        "徳島ヴォルティス": 1592.4491883773455,
        "愛媛FC": 1334.7866360740913,
        "水戸ホーリーホック": 1636.345570929626,
        "藤枝MYFC": 1442.8878607681856
    },
    "J3": {
        "AC長野パルセイロ": 1369.2738657238674,
        "FC大阪": 1546.4898285121296,
        "FC岐阜": 1402.4168148980943,
        "FC琉球": 1438.965953806426,
        "SC相模原": 1519.8133162214583,
        "アスルクラロ沼津": 1310.6046549535624,
        "カマタマーレ讃岐": 1374.3967864968442,
        "ガイナーレ鳥取": 1441.3622301541207,
        "ギラヴァンツ北九州": 1417.5525871711645,
        "ザスパ群馬": 1405.1177020309651,
        "ツエーゲン金沢": 1496.3849172847479,
        "テゲバジャーロ宮崎": 1553.925212673517,
        "ヴァンラーレ八戸": 1669.0321845589492,
        "奈良クラブ": 1568.2936782105858,
        "松本山雅FC": 1457.394765974236,
        "栃木SC": 1512.9843859673822,
        "栃木シティ": 1594.414000986595,
        "福島ユナイテッドFC": 1485.7125151146706,
        "高知ユナイテッドSC": 1441.6096896886725,
        "鹿児島ユナイテッドFC": 1608.1545411074032
    }
}