{
    "J1": {
        "アビスパ福岡": 1530.1648709986118,
        "アルビレックス新潟": 1348.6926411226668,
        "ガンバ大阪": 1483.1165143131925,
        "サンフレッチェ広島": 1572.3843033433209,
        "セレッソ大阪": 1516.005031430074,
        "ファジアーノ岡山": 1521.8430819956143,
        "ヴィッセル神戸": 1600.9660943310218,
        "京都サンガF.C.": 1637.1807198308034,
        "名古屋グランパス": 1426.7337972051537,
        "川崎フロンターレ": 1534.2919316025739,
        "東京ヴェルディ": 1448.283625419411,
        "柏レイソル": 1610.6944258476822,
        "横浜Ｆ・マリノス": 1390.8298803302866,
        "横浜ＦＣ": 1340.5646323604374,
        "浦和レッズ": 1563.3869487553677,
        "清水エスパルス": 1446.6828975593723,
        "湘南ベルマーレ": 1370.0678954502227,
        "鹿島アントラーズ": 1606.809949469954,
        "ＦＣ東京": 1441.4660870173939,
        "ＦＣ町田ゼルビア": 1609.8346716168392
    },
    "J2": {
        "いわきＦＣ": 1524.3721022497114,
        "カターレ富山": 1365.8132981794488,
        "サガン鳥栖": 1558.1244423729042,
        "ジェフユナイテッド千葉": 1589.7237840324553,
        "ジュビロ磐田": 1547.415940398581,
        "ブラウブリッツ秋田": 1453.6601881470772,
        "ベガルタ仙台": 1582.5052363414748,
        "モンテディオ山形": 1436.8760421301713,
        "レノファ山口ＦＣ": 1380.5569487916666,
        "ロアッソ熊本": 1422.7536786284832,
        "ヴァンフォーレ甲府": 1508.4705675689947,
        "北海道コンサドーレ札幌": 1515.2639496690438,
        "大分トリニータ": 1415.3618213964312,
        "徳島ヴォルティス": 1588.3942925883819,
        "愛媛ＦＣ": 1316.2060866594516,
        "水戸ホーリーホック": 1634.9359908221968,
        "藤枝ＭＹＦＣ": 1446.4543613218777,
        "ＦＣ今治": 1541.9364045515997,
        "ＲＢ大宮アルディージャ": 1550.9720713259599,
        "Ｖ・ファーレン長崎": 1620.2027928240884
    },
    "J3": {
        "AC長野パルセイロ": 1391.5969147174665,
        "FC岐阜": 1367.6954865018909,
        "FC琉球": 1449.8978585984405,
        "SC相模原": 1459.4670099067391,
        "アスルクラロ沼津": 1321.566646901618,
        "カマタマーレ讃岐": 1355.2935313334476,
        "ガイナーレ鳥取": 1471.3149498767543,
        "ギラヴァンツ北九州": 1464.2879572718564,
        "ザスパ群馬": 1452.969419014469,
        "ツエーゲン金沢": 1462.8250042693328,
        "テゲバジャーロ宮崎": 1565.4029460376814,
        "ヴァンラーレ八戸": 1672.5449754547708,
        "奈良クラブ": 1542.6534432836972,
        "松本山雅FC": 1467.9286748874624,
        "栃木SC": 1486.0875156502439,
        "栃木シティ": 1576.270960369065,
        "福島ユナイテッドFC": 1440.2580285031793,
        "高知ユナイテッドＳＣ": 1477.4845375332197,
        "鹿児島ユナイテッドFC": 1601.5169536816015,
        "ＦＣ大阪": 1602.4467022331264
    }
}