{
    "J1": {
        "FC東京": 1446.6829292276727,
        "FC町田ゼルビア": 1591.7387402646825,
        "アビスパ福岡": 1522.6430816642846,
        "アルビレックス新潟": 1344.8844832387879,
        "ガンバ大阪": 1502.7341577953855,
        "サンフレッチェ広島": 1580.4295351771666,
        "セレッソ大阪": 1525.1755097848006,
        "ファジアーノ岡山": 1523.1779982317616,
        "ヴィッセル神戸": 1610.5223607396126,
        "京都サンガF.C.": 1651.5799969134819,
        "名古屋グランパス": 1434.9070999686862,
        "川崎フロンターレ": 1564.263347592751,
        "東京ヴェルディ": 1453.152421936868,
        "柏レイソル": 1626.179115619736,
        "横浜FC": 1352.3364252374874,
        "横浜Ｆ・マリノス": 1398.5025343714353,
        "浦和レッズ": 1579.1693808604794,
        "清水エスパルス": 1461.4066966313203,
        "湘南ベルマーレ": 1356.6638825867933,
        "鹿島アントラーズ": 1604.6848366175618
    },
    "J2": {
        "FC今治": 1538.612986582191,
        "RB大宮アルディージャ": 1546.9690208595648,
        "V・ファーレン長崎": 1637.4359330131088,
        "いわきFC": 1536.5730629176774,
        "カターレ富山": 1363.1197769326795,
        "サガン鳥栖": 1553.8330634676074,
        "ジェフユナイテッド千葉": 1596.3519964898105,
        "ジュビロ磐田": 1546.40343576982,
        "ブラウブリッツ秋田": 1461.989335849482,
        "ベガルタ仙台": 1577.9419510262894,
        "モンテディオ山形": 1453.411049053044,
        "レノファ山口FC": 1390.115575086254,
        "ロアッソ熊本": 1433.9602317312883,
        "ヴァンフォーレ甲府": 1508.0007407136693,
        "北海道コンサドーレ札幌": 1528.8943474871937,
        "大分トリニータ": 1425.4734326780024,
        "徳島ヴォルティス": 1592.6662294147327,
        "愛媛FC": 1337.959759723351,
        "水戸ホーリーホック": 1636.0236545290663,
        "藤枝MYFC": 1443.7764740518508
    },
    "J3": {
        "AC長野パルセイロ": 1369.3316279549272,
        "FC大阪": 1545.8420965902974,
        "FC岐阜": 1402.444252658172,
        "FC琉球": 1438.997183859165,
        "SC相模原": 1519.7413053035043,
        "アスルクラロ沼津": 1310.6637492090003,
        "カマタマーレ讃岐": 1374.4806848915498,
        "ガイナーレ鳥取": 1441.47281390609,
        "ギラヴァンツ北九州": 1417.6009406893893,
        "ザスパ群馬": 1405.0908374488179,
        "ツエーゲン金沢": 1496.1277314993083,
        "テゲバジャーロ宮崎": 1553.8883897590702,
        "ヴァンラーレ八戸": 1668.859035760726,
        "奈良クラブ": 1568.3669378870943,
        "松本山雅FC": 1457.4097237910844,
        "栃木SC": 1513.0081229936245,
        "栃木シティ": 1594.3703436446679,
        "福島ユナイテッドFC": 1485.8143000462258,
        "高知ユナイテッドSC": 1442.250050690979,
        "鹿児島ユナイテッドFC": 1608.1395029516987
    }
}