{
    "J1": {
        "アビスパ福岡": 1534.260987308795,
        "アルビレックス新潟": 1356.4138360668524,
        "ガンバ大阪": 1475.457206380854,
        "サンフレッチェ広島": 1565.728580727683,
        "セレッソ大阪": 1512.3671288528412,
        "ファジアーノ岡山": 1517.0535896038102,
        "ヴィッセル神戸": 1592.3121282949453,
        "京都サンガF.C.": 1619.5156998278578,
        "名古屋グランパス": 1442.300415034364,
        "川崎フロンターレ": 1519.9032624996657,
        "東京ヴェルディ": 1465.7774490578734,
        "柏レイソル": 1591.7777582695649,
        "横浜Ｆ・マリノス": 1385.7421568297218,
        "横浜ＦＣ": 1349.8231492257685,
        "浦和レッズ": 1582.709132865066,
        "清水エスパルス": 1442.152193746445,
        "湘南ベルマーレ": 1382.269118765775,
        "鹿島アントラーズ": 1597.9105710714546,
        "ＦＣ東京": 1451.2784041680625,
        "ＦＣ町田ゼルビア": 1615.2472314025995
    },
    "J2": {
        "いわきＦＣ": 1494.7462732992144,
        "カターレ富山": 1387.9467042981219,
        "サガン鳥栖": 1572.1574209998887,
        "ジェフユナイテッド千葉": 1596.8126839376441,
        "ジュビロ磐田": 1535.806730635986,
        "ブラウブリッツ秋田": 1457.8260373909604,
        "ベガルタ仙台": 1563.8291499306392,
        "モンテディオ山形": 1432.1556969556834,
        "レノファ山口ＦＣ": 1383.8046526508872,
        "ロアッソ熊本": 1423.140341250553,
        "ヴァンフォーレ甲府": 1540.199616484933,
        "北海道コンサドーレ札幌": 1478.8318382581306,
        "大分トリニータ": 1430.8946593134197,
        "徳島ヴォルティス": 1580.612227695358,
        "愛媛ＦＣ": 1325.8580359707937,
        "水戸ホーリーホック": 1643.4577661717835,
        "藤枝ＭＹＦＣ": 1438.683797924086,
        "ＦＣ今治": 1548.4069728885197,
        "ＲＢ大宮アルディージャ": 1553.7194924130167,
        "Ｖ・ファーレン長崎": 1611.1099015303807
    },
    "J3": {
        "AC長野パルセイロ": 1392.0478724861216,
        "FC岐阜": 1366.436951307669,
        "FC琉球": 1448.9432453593438,
        "SC相模原": 1458.724425018714,
        "アスルクラロ沼津": 1335.808492921861,
        "カマタマーレ讃岐": 1355.5209407900204,
        "ガイナーレ鳥取": 1485.3475971250791,
        "ギラヴァンツ北九州": 1465.132468390238,
        "ザスパ群馬": 1472.702370752609,
        "ツエーゲン金沢": 1418.3693768445326,
        "テゲバジャーロ宮崎": 1554.9944009095518,
        "ヴァンラーレ八戸": 1683.0227076949543,
        "奈良クラブ": 1542.8857695070412,
        "松本山雅FC": 1458.481043947428,
        "栃木": 1494.431851495369,
        "栃木SC": 1472.0742696866328,
        "栃木シティ": 1603.1065498030425,
        "福島ユナイテッドFC": 1440.3703422998728,
        "高知ユナイテッドＳＣ": 1476.5555631704563,
        "鹿児島ユナイテッドFC": 1601.3622002890277,
        "ＦＣ大阪": 1597.6229277218674
    }
}