{
    "J1": {
        "アビスパ福岡": 1533.2780360969446,
        "アルビレックス新潟": 1355.5323381912333,
        "ガンバ大阪": 1484.6855964009883,
        "サンフレッチェ広島": 1576.658069580695,
        "セレッソ大阪": 1513.1350287480047,
        "ファジアーノ岡山": 1513.2745439259274,
        "ヴィッセル神戸": 1582.9785264642096,
        "京都サンガF.C.": 1618.7599623694734,
        "名古屋グランパス": 1443.4691178150426,
        "川崎フロンターレ": 1521.2564678125998,
        "東京ヴェルディ": 1466.3911549153454,
        "柏レイソル": 1595.9319461789214,
        "横浜Ｆ・マリノス": 1383.892346521322,
        "横浜ＦＣ": 1347.4790504195057,
        "浦和レッズ": 1581.47454638196,
        "清水エスパルス": 1443.4675871322613,
        "湘南ベルマーレ": 1382.3987454025823,
        "鹿島アントラーズ": 1597.6836602730505,
        "ＦＣ東京": 1451.9504847743583,
        "ＦＣ町田ゼルビア": 1606.302790595574
    },
    "J2": {
        "いわきＦＣ": 1490.1352072846669,
        "カターレ富山": 1388.0895996430754,
        "サガン鳥栖": 1578.6578498147435,
        "ジェフユナイテッド千葉": 1594.3486513965402,
        "ジュビロ磐田": 1536.954029731509,
        "ブラウブリッツ秋田": 1456.2712015607822,
        "ベガルタ仙台": 1566.423849525081,
        "モンテディオ山形": 1432.6267383517152,
        "レノファ山口ＦＣ": 1383.4412621783415,
        "ロアッソ熊本": 1419.9309195237277,
        "ヴァンフォーレ甲府": 1536.761587516678,
        "北海道コンサドーレ札幌": 1480.443306734219,
        "大分トリニータ": 1432.4566650831941,
        "徳島ヴォルティス": 1582.4221947126407,
        "愛媛ＦＣ": 1329.3556020983513,
        "水戸ホーリーホック": 1645.9187296295136,
        "藤枝ＭＹＦＣ": 1441.6634415497033,
        "ＦＣ今治": 1546.2096334473902,
        "ＲＢ大宮アルディージャ": 1553.217085685773,
        "Ｖ・ファーレン長崎": 1604.6724445323541
    },
    "J3": {
        "AC長野パルセイロ": 1394.3550109194305,
        "FC岐阜": 1364.4741815030645,
        "FC琉球": 1447.5091771161376,
        "SC相模原": 1458.091610462495,
        "アスルクラロ沼津": 1337.6528173170555,
        "カマタマーレ讃岐": 1353.8846241237748,
        "ガイナーレ鳥取": 1483.8202672844163,
        "ギラヴァンツ北九州": 1464.991965576816,
        "ザスパ群馬": 1468.585567510362,
        "ツエーゲン金沢": 1416.4679804202062,
        "テゲバジャーロ宮崎": 1553.5342653945258,
        "ヴァンラーレ八戸": 1680.8849518202928,
        "奈良クラブ": 1540.1339546217666,
        "松本山雅FC": 1455.4562030653574,
        "栃木": 1454.23514195138,
        "栃木SC": 1483.1748243071008,
        "栃木シティ": 1600.8622259243389,
        "福島ユナイテッドFC": 1439.5390277816393,
        "高知ユナイテッドＳＣ": 1477.199879862654,
        "鹿児島ユナイテッドFC": 1600.2457567094057,
        "ＦＣ大阪": 1599.5099389345712
    }
}