{
    "J1": {
        "アビスパ福岡": 1497.6971328585514,
        "アルビレックス新潟": 1362.2630231466142,
        "ガンバ大阪": 1512.1019318259694,
        "サンフレッチェ広島": 1561.8669542294651,
        "セレッソ大阪": 1517.768699574249,
        "ファジアーノ岡山": 1471.8975654436504,
        "ヴィッセル神戸": 1633.7051122205894,
        "京都サンガF.C.": 1597.49431779599,
        "名古屋グランパス": 1481.9894912636878,
        "川崎フロンターレ": 1563.744514111297,
        "東京ヴェルディ": 1472.2926269812915,
        "柏レイソル": 1619.8865512282134,
        "横浜Ｆ・マリノス": 1364.5132157081773,
        "横浜ＦＣ": 1333.0584141854345,
        "浦和レッズ": 1550.2610001165242,
        "清水エスパルス": 1456.312847898152,
        "湘南ベルマーレ": 1399.352191135648,
        "鹿島アントラーズ": 1575.1771385492802,
        "ＦＣ東京": 1469.0016967594902,
        "ＦＣ町田ゼルビア": 1559.6155749677255
    },
    "J2": {
        "いわきＦＣ": 1475.8842511527218,
        "カターレ富山": 1409.9118316340416,
        "サガン鳥栖": 1608.3419950926625,
        "ジェフユナイテッド千葉": 1556.342199760753,
        "ジュビロ磐田": 1565.561472884839,
        "ブラウブリッツ秋田": 1402.0402746118536,
        "ベガルタ仙台": 1602.2806392413825,
        "モンテディオ山形": 1391.9498814997862,
        "レノファ山口ＦＣ": 1382.0652625934422,
        "ロアッソ熊本": 1378.414553750037,
        "ヴァンフォーレ甲府": 1536.1234040801603,
        "北海道コンサドーレ札幌": 1493.0779628677128,
        "大分トリニータ": 1464.8580519776563,
        "徳島ヴォルティス": 1574.632331565635,
        "愛媛ＦＣ": 1359.038857551094,
        "水戸ホーリーホック": 1700.8050541332418,
        "藤枝ＭＹＦＣ": 1466.9140709962758,
        "ＦＣ今治": 1501.9468341859383,
        "ＲＢ大宮アルディージャ": 1554.231552997607,
        "Ｖ・ファーレン長崎": 1575.5795174231591
    },
    "J3": {
        "AC長野パルセイロ": 1421.8287778792665,
        "FC岐阜": 1373.847362383727,
        "FC琉球": 1424.6998589448685,
        "SC相模原": 1428.886197140182,
        "アスルクラロ沼津": 1370.6722951286445,
        "カマタマーレ讃岐": 1363.8520433161939,
        "ガイナーレ鳥取": 1473.742610983612,
        "ギラヴァンツ北九州": 1435.8912810448514,
        "ザスパ群馬": 1450.561797517569,
        "ツエーゲン金沢": 1443.1724211624414,
        "テゲバジャーロ宮崎": 1600.8669732499025,
        "ヴァンラーレ八戸": 1655.9030409483419,
        "奈良クラブ": 1511.3514230617996,
        "松本山雅FC": 1431.4511194173535,
        "栃木": 1428.0799575844512,
        "栃木シティ": 1639.5683225982327,
        "福島ユナイテッドFC": 1449.6464353603576,
        "高知ユナイテッドＳＣ": 1478.9025897969805,
        "鹿児島ユナイテッドFC": 1542.5954761271807,
        "ＦＣ大阪": 1649.0893889608346
    }
}